Nome cliente,Superficie cliente,Cascina,Contoterzista,Contoterzista Cliente,Rivenditori,Rivenditori f,Trattamenti,Trattamenti comunicati (from Trattamenti),Trattamenti eseguiti (from Trattamenti),Data ultimo trattamento progetttato,Stato cliente,Trattamenti copy,Trattamenti copy copy
Prunotto / Alba,21.45,"Prunotto / Alba - Bussia,Prunotto / Alba - Treiso ,Prunotto / Alba - Pertinace,Prunotto / Alba - Borgogno","La Vite d'Oro,La Vite d'Oro,La Vite d'Oro,La Vite d'Oro",La Vite d'Oro,"Agricola Albese,Agricola Albese,Agricola Albese,Agricola Albese",Agricola Albese,"Prunotto / Alba - Tutte - Tutti + Roundup power,Prunotto / Alba - Tutte - Tutti + Folder 80,Prunotto / Alba - Tutte - Tutti + THIOPRON,Prunotto / Alba - Tutte - Tutti + Folder 80,Prunotto / Alba - Tutte - Tutti + THIOPRON,Prunotto / Alba - Tutte - Tutti + THIOPRON,Prunotto / Alba - Tutte - Tutti + PERGADO F,Prunotto / Alba - Tutte - Tutti + PROSPER CS 300,Prunotto / Alba - Tutte - Tutti + PERGADO F,Prunotto / Alba - Tutte - Tutti + THIOPRON,Prunotto / Alba - Tutte - Tutti + Taifun MK cl,Prunotto / Alba - Tutte - Tutti + Stratos Ultra ,Prunotto / Alba - Tutte - Tutti + Zorvec Vinabria,Prunotto / Alba - Tutte - Tutti + Revysion ,Prunotto / Alba - Tutte - Tutti + THIOPRON,Prunotto / Alba - Tutte - Tutti + Enervin Sc,Prunotto / Alba - Tutte - Tutti + Folpan 80 wg,Prunotto / Alba - Tutte - Tutti + SERCADIS,Prunotto / Alba - Tutte - Tutti + THIOPRON,Prunotto / Alba - Tutte - Tutti + EPIK SL,Prunotto / Alba - Tutte - Tutti + ZOLFO MANICA SCORREVOLE,Prunotto / Alba - Tutte - Tutti + BORDOFLOW NEW,Prunotto / Alba - Tutte - Tutti + Revysion ,Prunotto / Alba - Tutte - Tutti + THIOPRON,Prunotto / Alba - Tutte - Tutti + Voliam,Prunotto / Alba - Tutte - Tutti + BORDOFLOW NEW,Prunotto / Alba - Tutte - Tutti + HELIOSOUFRE S ,Prunotto / Alba - Tutte - Tutti + Score 25 sc,Prunotto / Alba - Tutte - Tutti + TREBON UP ,Prunotto / Alba - Tutte - Tutti + Zolfo Scorrevole miniera,Prunotto / Alba - Tutte - Tutti + BORDOFLOW NEW,Prunotto / Alba - Tutte - Tutti + HELIOSOUFRE S ,Prunotto / Alba - Tutte - Tutti + PROSPER CS 300,Prunotto / Alba - Tutte - Tutti + AMYLO-X,Prunotto / Alba - Tutte - Tutti + SERENADE ASO,Prunotto / Alba - Tutte - Tutti + TELDOR PLUS ,Prunotto / Alba - Tutte - Tutti + BORDOFLOW NEW,Prunotto / Alba - Tutte - Tutti + HELIOSOUFRE S ,Prunotto / Alba - Tutte - Tutti + HELIOSOUFRE S ,Prunotto / Alba - Tutte - Tutti + BORDOFLOW NEW,Prunotto / Alba - Tutte - Tutti + BORDOFLOW NEW,Prunotto / Alba - Tutte - Tutti + HELIOSOUFRE S ,Prunotto / Alba - Tutte - Tutti + BioBIt,Prunotto / Alba - Tutte - Tutti + BORDOFLOW NEW,Prunotto / Alba - Tutte - Tutti + Tiolene","1137,1137,1142,1142,1157,1157,1166,1166,1172,1172,1175,1175,1175,1191,1191,1191,1191,1191,1195,1203,1203,1203,1203,1215,1215,1215,1215,1222,1226,1226,1226,1232,1232,1233,1239,1239,1239,1244,1244","1465,1465,1482,1482,1514,1514,1535,1535,1547,1547,1565,1565,1565,1573,1573,1573,1573,1573,1591,1607,1607,1607,1607,1621,1621,1621,1621,1627,1636,1636,1636,1647,1647,1647,1654,1654,1654,1656,1656",,,,
Prunotto / Diano,14.00,"Prunotto / Diano - Diano Cascina Boschi ,Prunotto / Diano - Giordano,Prunotto / Diano - Nebbiolo e Arneis","Terra Viva,Terra Viva,Terra Viva",Terra Viva,"Agricola Albese,Agricola Albese,Agricola Albese",Agricola Albese,"Prunotto / Diano - Tutte - Tutti + AMYLO-X,Prunotto / Diano - Tutte - Tutti + Folder 80,Prunotto / Diano - Tutte - Tutti + THIOPRON,Prunotto / Diano - Tutte - Tutti + Folder 80,Prunotto / Diano - Tutte - Tutti + THIOPRON,Prunotto / Diano - Tutte - Tutti + PERGADO F,Prunotto / Diano - Tutte - Tutti + PROSPER CS 300,Prunotto / Diano - Tutte - Tutti + PERGADO F,Prunotto / Diano - Tutte - Tutti + THIOPRON,Prunotto / Diano - Tutte - Tutti + Taifun MK cl,Prunotto / Diano - Tutte - Tutti + Revolution,Prunotto / Diano - Tutte - Tutti + lecitina,Prunotto / Diano - Tutte - Tutti + Zorvec Vinabria,Prunotto / Diano - Tutte - Tutti + Revysion ,Prunotto / Diano - Tutte - Tutti + THIOPRON,Prunotto / Diano - Tutte - Tutti + Enervin Sc,Prunotto / Diano - Tutte - Tutti + Folpan 80 wg,Prunotto / Diano - Tutte - Tutti + SERCADIS,Prunotto / Diano - Tutte - Tutti + THIOPRON,Prunotto / Diano - Tutte - Tutti + EPIK SL,Prunotto / Diano - Tutte - Tutti + ZOLFO MANICA SCORREVOLE,Prunotto / Diano - Tutte - Tutti + BORDOFLOW NEW,Prunotto / Diano - Tutte - Tutti + Revysion ,Prunotto / Diano - Tutte - Tutti + THIOPRON,Prunotto / Diano - Tutte - Tutti + Voliam,Prunotto / Diano - Tutte - Tutti + BORDOFLOW NEW,Prunotto / Diano - Tutte - Tutti + Score 25 sc,Prunotto / Diano - Tutte - Tutti + THIOPRON,Prunotto / Diano - Tutte - Tutti + TREBON UP ,Prunotto / Diano - Tutte - Tutti + ZOLFO MANICA SCORREVOLE,Prunotto / Diano - Tutte - Tutti + BORDOFLOW NEW,Prunotto / Diano - Tutte - Tutti + PROSPER CS 300,Prunotto / Diano - Tutte - Tutti + THIOPRON,Prunotto / Diano - Tutte - Tutti + BORDOFLOW NEW,Prunotto / Diano - Tutte - Tutti + BORDOFLOW NEW,Prunotto / Diano - Tutte - Tutti + HELIOSOUFRE S ,Prunotto / Diano - Tutte - Tutti + BORDOFLOW NEW,Prunotto / Diano - Tutte - Tutti + HELIOSOUFRE S ,Prunotto / Diano - Tutte - Tutti + Affirm,Prunotto / Diano - Tutte - Tutti + BORDOFLOW NEW,Prunotto / Diano - Tutte - Tutti + Tiolene,Prunotto / Diano - Tutte - Tutti + BioBIt","1137,1137,1144,1144,1157,1157,1166,1166,1169,1169,1169,1175,1175,1175,1191,1191,1191,1191,1191,1195,1198,1198,1198,1198,1216,1216,1216,1216,1222,1227,1227,1227,1228,1233,1233,1238,1238,1238","1465,1465,1496,1496,1514,1514,1538,1538,1546,1546,1546,1564,1564,1564,1572,1572,1572,1572,1572,1591,1600,1600,1600,1600,1619,1619,1619,1619,1627,1638,1638,1638,1639,1647,1647,1650,1650,1650",,,,
Prunotto / Asti,40.41,"Prunotto / Asti - Calliano,Prunotto / Asti - Agliano ","Pusabren,Pusabren",Pusabren,"Agricola Albese,Agricola Albese",Agricola Albese,"Prunotto / Asti - Tutte - Tutti + AMYLO-X,Prunotto / Asti - Tutte - Tutti + Folder 80,Prunotto / Asti - Tutte - Tutti + THIOPRON,Prunotto / Asti - Tutte - Tutti + Folder 80,Prunotto / Asti - Tutte - Tutti + THIOPRON,Prunotto / Asti - Tutte - Tutti + PERGADO F,Prunotto / Asti - Tutte - Tutti + PROSPER CS 300,Prunotto / Asti - Tutte - Tutti + PERGADO F,Prunotto / Asti - Tutte - Tutti + THIOPRON,Prunotto / Asti - Tutte - Tutti + Eranthis,Prunotto / Asti - Tutte - Tutti + Zorvec Vinabria,Prunotto / Asti - Tutte - Tutti + Revysion ,Prunotto / Asti - Tutte - Tutti + THIOPRON,Prunotto / Asti - Tutte - Tutti + Enervin Sc,Prunotto / Asti - Tutte - Tutti + Folpan 80,Prunotto / Asti - Tutte - Tutti + SERCADIS,Prunotto / Asti - Tutte - Tutti + THIOPRON,Prunotto / Asti - Tutte - Tutti + EPIK SL,Prunotto / Asti - Tutte - Tutti + BORDOFLOW NEW,Prunotto / Asti - Tutte - Tutti + Revysion ,Prunotto / Asti - Tutte - Tutti + THIOPRON,Prunotto / Asti - Tutte - Tutti + Voliam,Prunotto / Asti - Tutte - Tutti + BORDOFLOW NEW,Prunotto / Asti - Tutte - Tutti + Score 25 sc,Prunotto / Asti - Tutte - Tutti + THIOPRON,Prunotto / Asti - Tutte - Tutti + TREBON UP ,Prunotto / Asti - Tutte - Tutti + Score 25 sc,Prunotto / Asti - Tutte - Tutti + POLTIGLIA BORD DISPERS X15,Prunotto / Asti - Tutte - Tutti + MICROTHIOL DISPERSS,Prunotto / Asti - Tutte - Tutti + Decis Evo,Prunotto / Asti - Tutte - Tutti + POLTIGLIA BORD DISPERS X15,Prunotto / Asti - Tutte - Tutti + MICROTHIOL DISPERSS","1137,1137,1144,1144,1157,1157,1166,1166,1166,1175,1175,1175,1191,1191,1191,1191,1191,1203,1203,1203,1203,1215,1215,1215,1215,1225,1225,1225,1233,1233","1465,1465,1498,1498,1515,1515,1534,1534,1534,1565,1565,1565,1574,1574,1574,1574,1574,1606,1606,1606,1606,1621,1621,1621,1622,1634,1634,1634,1647,1647",,,,Prunotto / Alba - Tutte - Tutti + AMYLO-X
Prunotto / Pian Romualdo,2.60,Prunotto / Pian Romualdo - Pian Romualdo,Tribulé,Tribulé,Agricola Albese,Agricola Albese,"Prunotto / Pian Romualdo - Tutte - Tutti + AMYLO-X,Prunotto / Pian Romualdo - Tutte - Tutti + Folder 80,Prunotto / Pian Romualdo - Tutte - Tutti + THIOPRON,Prunotto / Pian Romualdo - Tutte - Tutti + Folder 80,Prunotto / Pian Romualdo - Tutte - Tutti + THIOPRON,Prunotto / Pian Romualdo - Tutte - Tutti + Folder 80,Prunotto / Pian Romualdo - Tutte - Tutti + THIOPRON,Prunotto / Pian Romualdo - Tutte - Tutti + PERGADO F,Prunotto / Pian Romualdo - Tutte - Tutti + PROSPER CS 300,Prunotto / Pian Romualdo - Tutte - Tutti + PERGADO F,Prunotto / Pian Romualdo - Tutte - Tutti + THIOPRON,Prunotto / Pian Romualdo - Tutte - Tutti + THIOPRON,Prunotto / Pian Romualdo - Tutte - Tutti + PERGADO F,Prunotto / Pian Romualdo - Tutte - Tutti + PERGADO F,Prunotto / Pian Romualdo - Tutte - Tutti + Revysion ,Prunotto / Pian Romualdo - Tutte - Tutti + THIOPRON,Prunotto / Pian Romualdo - Tutte - Tutti + Enervin Sc,Prunotto / Pian Romualdo - Tutte - Tutti + Folpan 80,Prunotto / Pian Romualdo - Tutte - Tutti + SERCADIS,Prunotto / Pian Romualdo - Tutte - Tutti + EPIK SL,Prunotto / Pian Romualdo - Tutte - Tutti + THIOPRON,Prunotto / Pian Romualdo - Tutte - Tutti + ZOLFO MANICA SCORREVOLE,Prunotto / Pian Romualdo - Tutte - Tutti + BORDOFLOW NEW,Prunotto / Pian Romualdo - Tutte - Tutti + Revysion ,Prunotto / Pian Romualdo - Tutte - Tutti + THIOPRON,Prunotto / Pian Romualdo - Tutte - Tutti + Voliam,Prunotto / Pian Romualdo - Tutte - Tutti + BORDOFLOW NEW,Prunotto / Pian Romualdo - Tutte - Tutti + THIOPRON,Prunotto / Pian Romualdo - Tutte - Tutti + TREBON UP ,Prunotto / Pian Romualdo - Tutte - Tutti + ZOLFO MANICA SCORREVOLE,Prunotto / Pian Romualdo - Tutte - Tutti + HELIOSOUFRE S ,Prunotto / Pian Romualdo - Tutte - Tutti + Decis Evo,Prunotto / Pian Romualdo - Tutte - Tutti + BORDOFLOW NEW,Prunotto / Pian Romualdo - Tutte - Tutti + BORDOFLOW NEW,Prunotto / Pian Romualdo - Tutte - Tutti + BORDOFLOW NEW,Prunotto / Pian Romualdo - Tutte - Tutti + HELIOSOUFRE S ,Prunotto / Pian Romualdo - Tutte - Tutti + BioBIt","1137,1137,1138,1138,1145,1145,1159,1159,1166,1166,1167,1167,1176,1176,1176,1191,1191,1191,1191,1191,1198,1199,1199,1199,1199,1217,1217,1217,1222,1228,1228,1228,1238,1238,1238","1466,1466,1479,1479,1495,1495,1521,1521,1537,1537,1557,1557,1557,1585,1585,1585,1585,1585,1592,1602,1602,1602,1602,1618,1618,1618,1627,1639,1639,1639,1649,1649,1649",,,,
Mauro Sebaste,17.11,"Mauro Sebaste - Astigiano,Mauro Sebaste - Albese,Mauro Sebaste - Roncaglie",,,"Consorzio Agrario del Gallo,Consorzio Agrario del Gallo,Consorzio Agrario del Gallo",Consorzio Agrario del Gallo,Mauro Sebaste - Tutte - Tutti + AMYLO-X,,,,,,
Michele Chiarlo SRL,46.18,"Michele Chiarlo SRL - Castelnuovo Calcea,Michele Chiarlo SRL - Agliano,Michele Chiarlo SRL - Montemareto,Michele Chiarlo SRL - Montaldo Scarampi,Michele Chiarlo SRL - Calamandrana,Michele Chiarlo SRL - Mirenghi Ugo,Michele Chiarlo SRL - Vigneto la Vespa","Pusabren,Pusabren,Pusabren,Pusabren,Pusabren,Pusabren,Pusabren",Pusabren,"Agricola Albese,Agricola Albese,Agricola Albese,Agricola Albese,Agricola Albese,Agricola Albese",Agricola Albese,"Michele Chiarlo SRL - Tutte - Tutti + Folder 80,Michele Chiarlo SRL - Tutte - Tutti + THIOPRON,Michele Chiarlo SRL - Tutte - Tutti + Folder 80,Michele Chiarlo SRL - Tutte - Tutti + THIOPRON,Michele Chiarlo SRL - Tutte - Tutti + PERGADO F,Michele Chiarlo SRL - Tutte - Tutti + PROSPER CS 300,Michele Chiarlo SRL - Tutte - Tutti + PERGADO F,Michele Chiarlo SRL - Tutte - Tutti + THIOPRON,Michele Chiarlo SRL - Tutte - Tutti + Zorvec Vinabria,Michele Chiarlo SRL - Tutte - Tutti + Revysion ,Michele Chiarlo SRL - Tutte - Tutti + THIOPRON,Michele Chiarlo SRL - Tutte - Tutti + Enervin Sc,Michele Chiarlo SRL - Tutte - Tutti + Folpan 80,Michele Chiarlo SRL - Tutte - Tutti + SERCADIS,Michele Chiarlo SRL - Tutte - Tutti + THIOPRON,Michele Chiarlo SRL - Tutte - Tutti + EPIK SL,Michele Chiarlo SRL - Tutte - Tutti + BORDOFLOW NEW,Michele Chiarlo SRL - Tutte - Tutti + Revysion ,Michele Chiarlo SRL - Tutte - Tutti + THIOPRON,Michele Chiarlo SRL - Tutte - Tutti + CORAGEN,Michele Chiarlo SRL - Tutte - Tutti + BORDOFLOW NEW,Michele Chiarlo SRL - Tutte - Tutti + Score 25 sc,Michele Chiarlo SRL - Tutte - Tutti + THIOPRON,Michele Chiarlo SRL - Tutte - Tutti + TREBON UP ,Michele Chiarlo SRL - Tutte - Tutti + Score 25 sc,Michele Chiarlo SRL - Tutte - Tutti + POLTIGLIA BORD DISPERS X15,Michele Chiarlo SRL - Tutte - Tutti + MICROTHIOL DISPERSS,Michele Chiarlo SRL - Tutte - Tutti + Decis Evo,Michele Chiarlo SRL - Tutte - Tutti + POLTIGLIA BORD DISPERS X15,Michele Chiarlo SRL - Tutte - Tutti + MICROTHIOL DISPERSS,Michele Chiarlo SRL - Tutte - Tutti + Affirm,Michele Chiarlo SRL - Tutte - Tutti + BioBIt,Michele Chiarlo SRL - Tutte - Tutti + Primal ,Michele Chiarlo SRL - Tutte - Tutti + BioBIt,Michele Chiarlo SRL - Tutte - Tutti + BORDOFLOW NEW,Michele Chiarlo SRL - Tutte - Tutti + Tiolene","1137,1137,1145,1145,1157,1157,1166,1166,1175,1175,1175,1191,1191,1191,1191,1191,1202,1202,1202,1202,1215,1215,1215,1215,1225,1225,1225,1233,1233,1236,1236,1241,1243,1243,1243","1467,1467,1490,1490,1512,1512,1533,1533,1566,1566,1566,1575,1575,1575,1575,1575,1605,1605,1605,1605,1622,1622,1622,1622,1633,1633,1633,1647,1647,1643,1643,1652,1655,1655,1655",,,,
Azienda Agricola Chiarlo S.S / Alba,10.01,"Azienda Agricola Chiarlo S.S / Alba - Barbaresco,Azienda Agricola Chiarlo S.S / Alba - Cerequio,Azienda Agricola Chiarlo S.S / Alba - Cannubi,Azienda Agricola Chiarlo S.S / Alba - Perno","La Vite d'Oro,La Vite d'Oro,La Vite d'Oro,La Vite d'Oro",La Vite d'Oro,"Agricola Albese,Agricola Albese,Agricola Albese",Agricola Albese,"Azienda Agricola Chiarlo S.S / Alba - Tutte - Tutti + AMYLO-X,Azienda Agricola Chiarlo S.S / Alba - Tutte - Tutti + Folder 80,Azienda Agricola Chiarlo S.S / Alba - Tutte - Tutti + THIOPRON,Azienda Agricola Chiarlo S.S / Alba - Tutte - Tutti + Folder 80,Azienda Agricola Chiarlo S.S / Alba - Tutte - Tutti + THIOPRON,Azienda Agricola Chiarlo S.S / Alba - Tutte - Tutti + PERGADO F,Azienda Agricola Chiarlo S.S / Alba - Tutte - Tutti + PROSPER CS 300,Azienda Agricola Chiarlo S.S / Alba - Tutte - Tutti + PERGADO F,Azienda Agricola Chiarlo S.S / Alba - Tutte - Tutti + THIOPRON,Azienda Agricola Chiarlo S.S / Alba - Tutte - Tutti + Taifun MK cl,Azienda Agricola Chiarlo S.S / Alba - Tutte - Tutti + Zorvec Vinabria,Azienda Agricola Chiarlo S.S / Alba - Tutte - Tutti + Revysion ,Azienda Agricola Chiarlo S.S / Alba - Tutte - Tutti + THIOPRON,Azienda Agricola Chiarlo S.S / Alba - Tutte - Tutti + Enervin Sc,Azienda Agricola Chiarlo S.S / Alba - Tutte - Tutti + Folpan 80,Azienda Agricola Chiarlo S.S / Alba - Tutte - Tutti + SERCADIS,Azienda Agricola Chiarlo S.S / Alba - Tutte - Tutti + THIOPRON,Azienda Agricola Chiarlo S.S / Alba - Tutte - Tutti + EPIK SL,Azienda Agricola Chiarlo S.S / Alba - Tutte - Tutti + ZOLFO MANICA SCORREVOLE,Azienda Agricola Chiarlo S.S / Alba - Tutte - Tutti + BORDOFLOW NEW,Azienda Agricola Chiarlo S.S / Alba - Tutte - Tutti + Revysion ,Azienda Agricola Chiarlo S.S / Alba - Tutte - Tutti + THIOPRON,Azienda Agricola Chiarlo S.S / Alba - Tutte - Tutti + Voliam,Azienda Agricola Chiarlo S.S / Alba - Tutte - Tutti + BORDOFLOW NEW,Azienda Agricola Chiarlo S.S / Alba - Tutte - Tutti + Score 25 sc,Azienda Agricola Chiarlo S.S / Alba - Tutte - Tutti + HELIOSOUFRE S ,Azienda Agricola Chiarlo S.S / Alba - Tutte - Tutti + TREBON UP ,Azienda Agricola Chiarlo S.S / Alba - Tutte - Tutti + ZOLFO MANICA SCORREVOLE,Azienda Agricola Chiarlo S.S / Alba - Tutte - Tutti + BORDOFLOW NEW,Azienda Agricola Chiarlo S.S / Alba - Tutte - Tutti + PROSPER CS 300,Azienda Agricola Chiarlo S.S / Alba - Tutte - Tutti + HELIOSOUFRE S ,Azienda Agricola Chiarlo S.S / Alba - Tutte - Tutti + BORDOFLOW NEW,Azienda Agricola Chiarlo S.S / Alba - Tutte - Tutti + HELIOSOUFRE S ,Azienda Agricola Chiarlo S.S / Alba - Tutte - Tutti + BORDOFLOW NEW,Azienda Agricola Chiarlo S.S / Alba - Tutte - Tutti + HELIOSOUFRE S ,Azienda Agricola Chiarlo S.S / Alba - Tutte - Tutti + BioBIt,Azienda Agricola Chiarlo S.S / Alba - Tutte - Tutti + BORDOFLOW NEW,Azienda Agricola Chiarlo S.S / Alba - Tutte - Tutti + Tiolene","1137,1137,1142,1142,1150,1150,1166,1166,1172,1175,1175,1175,1191,1191,1191,1191,1191,1195,1203,1203,1203,1203,1215,1215,1215,1215,1222,1226,1226,1226,1232,1232,1240,1240,1240,1244,1244","1469,1469,1482,1482,1491,1491,1533,1533,1563,1566,1566,1566,1576,1576,1576,1576,1576,1591,1607,1607,1607,1607,1621,1621,1621,1621,1627,1636,1636,1636,1647,1647,1654,1654,1654,1656,1656",,,,
Azienda Agricola Chiarlo S.S / Asti,5.21,"Azienda Agricola Chiarlo S.S / Asti - Monbercelli,Azienda Agricola Chiarlo S.S / Asti - Agliano","Pusabren,Pusabren",Pusabren,"Agricola Albese,Agricola Albese",Agricola Albese,"Azienda Agricola Chiarlo S.S / Asti - Tutte - Tutti + AMYLO-X,Azienda Agricola Chiarlo S.S / Asti - Tutte - Tutti + Folder 80,Azienda Agricola Chiarlo S.S / Asti - Tutte - Tutti + THIOPRON,Azienda Agricola Chiarlo S.S / Asti - Tutte - Tutti + Folder 80,Azienda Agricola Chiarlo S.S / Asti - Tutte - Tutti + THIOPRON,Azienda Agricola Chiarlo S.S / Asti - Tutte - Tutti + Folder 80,Azienda Agricola Chiarlo S.S / Asti - Tutte - Tutti + PERGADO F,Azienda Agricola Chiarlo S.S / Asti - Tutte - Tutti + PROSPER CS 300,Azienda Agricola Chiarlo S.S / Asti - Tutte - Tutti + PERGADO F,Azienda Agricola Chiarlo S.S / Asti - Tutte - Tutti + THIOPRON,Azienda Agricola Chiarlo S.S / Asti - Tutte - Tutti + Zorvec Vinabria,Azienda Agricola Chiarlo S.S / Asti - Tutte - Tutti + Revysion ,Azienda Agricola Chiarlo S.S / Asti - Tutte - Tutti + THIOPRON,Azienda Agricola Chiarlo S.S / Asti - Tutte - Tutti + Enervin Sc,Azienda Agricola Chiarlo S.S / Asti - Tutte - Tutti + Folpan 80,Azienda Agricola Chiarlo S.S / Asti - Tutte - Tutti + SERCADIS,Azienda Agricola Chiarlo S.S / Asti - Tutte - Tutti + THIOPRON,Azienda Agricola Chiarlo S.S / Asti - Tutte - Tutti + EPIK SL,Azienda Agricola Chiarlo S.S / Asti - Tutte - Tutti + BORDOFLOW NEW,Azienda Agricola Chiarlo S.S / Asti - Tutte - Tutti + Revysion ,Azienda Agricola Chiarlo S.S / Asti - Tutte - Tutti + THIOPRON,Azienda Agricola Chiarlo S.S / Asti - Tutte - Tutti + CORAGEN,Azienda Agricola Chiarlo S.S / Asti - Tutte - Tutti + BORDOFLOW NEW,Azienda Agricola Chiarlo S.S / Asti - Tutte - Tutti + Score 25 sc,Azienda Agricola Chiarlo S.S / Asti - Tutte - Tutti + THIOPRON,Azienda Agricola Chiarlo S.S / Asti - Tutte - Tutti + TREBON UP ,Azienda Agricola Chiarlo S.S / Asti - Tutte - Tutti + POLTIGLIA BORD DISPERS X15,Azienda Agricola Chiarlo S.S / Asti - Tutte - Tutti + MICROTHIOL DISPERSS,Azienda Agricola Chiarlo S.S / Asti - Tutte - Tutti + Decis Evo,Azienda Agricola Chiarlo S.S / Asti - Tutte - Tutti + POLTIGLIA BORD DISPERS X15,Azienda Agricola Chiarlo S.S / Asti - Tutte - Tutti + MICROTHIOL DISPERSS,Azienda Agricola Chiarlo S.S / Asti - Tutte - Tutti + Affirm,Azienda Agricola Chiarlo S.S / Asti - Tutte - Tutti + Primal ","1137,1137,1145,1145,1151,1157,1157,1166,1166,1175,1175,1175,1191,1191,1191,1191,1191,1202,1202,1202,1202,1215,1215,1215,1215,1225,1225,1225,1233,1233,1236,1241","1468,1468,1502,1503,1513,1513,1533,1533,1566,1566,1566,1576,1576,1576,1576,1576,1605,1605,1605,1605,1622,1622,1622,1622,1633,1633,1633,1647,1647,1643,1652",,,,
Bussia Soprana di Casiraghi Silvano,12.38,"Bussia Soprana di Casiraghi Silvano - Bussia,Bussia Soprana di Casiraghi Silvano - Mosconi,Bussia Soprana di Casiraghi Silvano - Mosconi Nuovo impianto","Tribulé,Tribulé,Tribulé",Tribulé,"Aimasso Oscar,Aimasso Oscar,Aimasso Oscar",Aimasso Oscar,"Bussia Soprana di Casiraghi Silvano - Tutte - Tutti + AMYLO-X,Bussia Soprana di Casiraghi Silvano - Tutte - Tutti + Folder 80,Bussia Soprana di Casiraghi Silvano - Tutte - Tutti + THIOPRON,Bussia Soprana di Casiraghi Silvano - Tutte - Tutti + Folder 80,Bussia Soprana di Casiraghi Silvano - Tutte - Tutti + THIOPRON,Bussia Soprana di Casiraghi Silvano - Tutte - Tutti + Folder 80,Bussia Soprana di Casiraghi Silvano - Tutte - Tutti + PERGADO F,Bussia Soprana di Casiraghi Silvano - Tutte - Tutti + PROSPER CS 300,Bussia Soprana di Casiraghi Silvano - Tutte - Tutti + PERGADO F,Bussia Soprana di Casiraghi Silvano - Tutte - Tutti + PERGADO F,Bussia Soprana di Casiraghi Silvano - Tutte - Tutti + THIOPRON,Bussia Soprana di Casiraghi Silvano - Tutte - Tutti + KAIZ' N,Bussia Soprana di Casiraghi Silvano - Tutte - Tutti + Zorvec Vinabria,Bussia Soprana di Casiraghi Silvano - Tutte - Tutti + Revysion ,Bussia Soprana di Casiraghi Silvano - Tutte - Tutti + THIOPRON,Bussia Soprana di Casiraghi Silvano - Tutte - Tutti + Enervin Sc,Bussia Soprana di Casiraghi Silvano - Tutte - Tutti + Folpan 80,Bussia Soprana di Casiraghi Silvano - Tutte - Tutti + SERCADIS,Bussia Soprana di Casiraghi Silvano - Tutte - Tutti + THIOPRON,Bussia Soprana di Casiraghi Silvano - Tutte - Tutti + EPIK SL,Bussia Soprana di Casiraghi Silvano - Tutte - Tutti + Basic,Bussia Soprana di Casiraghi Silvano - Tutte - Tutti + THIOPRON,Bussia Soprana di Casiraghi Silvano - Tutte - Tutti + Basic,Bussia Soprana di Casiraghi Silvano - Tutte - Tutti + Revysion ,Bussia Soprana di Casiraghi Silvano - Tutte - Tutti + CORAGEN,Bussia Soprana di Casiraghi Silvano - Tutte - Tutti + THIOPRON,Bussia Soprana di Casiraghi Silvano - Tutte - Tutti + ZOLFO MANICA SCORREVOLE,Bussia Soprana di Casiraghi Silvano - Tutte - Tutti + Basic,Bussia Soprana di Casiraghi Silvano - Tutte - Tutti + THIOPRON,Bussia Soprana di Casiraghi Silvano - Tutte - Tutti + KARATHANE STAR,Bussia Soprana di Casiraghi Silvano - Tutte - Tutti + TREBON UP ,Bussia Soprana di Casiraghi Silvano - Tutte - Tutti + Basic,Bussia Soprana di Casiraghi Silvano - Tutte - Tutti + HELIOSOUFRE S ,Bussia Soprana di Casiraghi Silvano - Tutte - Tutti + PROSPER CS 300,Bussia Soprana di Casiraghi Silvano - Tutte - Tutti + Basic,Bussia Soprana di Casiraghi Silvano - Tutte - Tutti + KARATHANE STAR,Bussia Soprana di Casiraghi Silvano - Tutte - Tutti + HELIOSOUFRE S ,Bussia Soprana di Casiraghi Silvano - Tutte - Tutti + Basic,Bussia Soprana di Casiraghi Silvano - Tutte - Tutti + HELIOSOUFRE S ,Bussia Soprana di Casiraghi Silvano - Tutte - Tutti + Lepinox,Bussia Soprana di Casiraghi Silvano - Tutte - Tutti + Lepinox,Bussia Soprana di Casiraghi Silvano - Tutte - Tutti + Basic,Bussia Soprana di Casiraghi Silvano - Tutte - Tutti + Basic,Bussia Soprana di Casiraghi Silvano - Tutte - Tutti + HELIOSOUFRE S ,Bussia Soprana di Casiraghi Silvano - Tutte - Tutti + Lepinox","1137,1137,1148,1148,1158,1158,1167,1167,1167,1176,1176,1176,1191,1191,1191,1191,1191,1204,1204,1204,1204,1214,1215,1215,1215,1215,1227,1227,1227,1234,1234,1234,1242,1242,1242","1470,1470,1500,1500,1518,1518,1539,1539,1539,1556,1556,1556,1583,1583,1583,1583,1583,1608,1608,1608,1608,1626,1620,1620,1620,1620,1638,1638,1638,1648,1648,1648,1654,1654,1654",,,,
Az. Agrivinicola Sylla Sebaste,5.20,"Az. Agrivinicola Sylla Sebaste - Monrobiolo di Bussia,Az. Agrivinicola Sylla Sebaste - Bricco delle Viole Vergne","La Vite d'Oro,La Vite d'Oro",La Vite d'Oro,"Agricola Albese,Agricola Albese",Agricola Albese,"Az. Agrivinicola Sylla Sebaste - Tutte - Tutti + AMYLO-X,Az. Agrivinicola Sylla Sebaste - Tutte - Tutti + RAK 2 MAX (X 252),Az. Agrivinicola Sylla Sebaste - Tutte - Tutti + Folpan 80 wg,Az. Agrivinicola Sylla Sebaste - Tutte - Tutti + THIOPRON,Az. Agrivinicola Sylla Sebaste - Tutte - Tutti + Folder 80,Az. Agrivinicola Sylla Sebaste - Tutte - Tutti + THIOPRON,Az. Agrivinicola Sylla Sebaste - Tutte - Tutti + PERGADO F,Az. Agrivinicola Sylla Sebaste - Tutte - Tutti + PROSPER CS 300,Az. Agrivinicola Sylla Sebaste - Tutte - Tutti + PERGADO F,Az. Agrivinicola Sylla Sebaste - Tutte - Tutti + THIOPRON,Az. Agrivinicola Sylla Sebaste - Tutte - Tutti + Taifun MK cl,Az. Agrivinicola Sylla Sebaste - Tutte - Tutti + Revolution,Az. Agrivinicola Sylla Sebaste - Tutte - Tutti + lecitina,Az. Agrivinicola Sylla Sebaste - Tutte - Tutti + Zorvec Vinabria,Az. Agrivinicola Sylla Sebaste - Tutte - Tutti + Revysion ,Az. Agrivinicola Sylla Sebaste - Tutte - Tutti + THIOPRON,Az. Agrivinicola Sylla Sebaste - Tutte - Tutti + Enervin Sc,Az. Agrivinicola Sylla Sebaste - Tutte - Tutti + Folpan 80,Az. Agrivinicola Sylla Sebaste - Tutte - Tutti + SERCADIS,Az. Agrivinicola Sylla Sebaste - Tutte - Tutti + THIOPRON,Az. Agrivinicola Sylla Sebaste - Tutte - Tutti + EPIK SL,Az. Agrivinicola Sylla Sebaste - Tutte - Tutti + ZOLFO MANICA SCORREVOLE,Az. Agrivinicola Sylla Sebaste - Tutte - Tutti + BORDOFLOW NEW,Az. Agrivinicola Sylla Sebaste - Tutte - Tutti + Revysion ,Az. Agrivinicola Sylla Sebaste - Tutte - Tutti + THIOPRON,Az. Agrivinicola Sylla Sebaste - Tutte - Tutti + Voliam,Az. Agrivinicola Sylla Sebaste - Tutte - Tutti + BORDOFLOW NEW,Az. Agrivinicola Sylla Sebaste - Tutte - Tutti + Score 25 sc,Az. Agrivinicola Sylla Sebaste - Tutte - Tutti + HELIOSOUFRE S ,Az. Agrivinicola Sylla Sebaste - Tutte - Tutti + TREBON UP ,Az. Agrivinicola Sylla Sebaste - Tutte - Tutti + ZOLFO MANICA SCORREVOLE,Az. Agrivinicola Sylla Sebaste - Tutte - Tutti + BORDOFLOW NEW,Az. Agrivinicola Sylla Sebaste - Tutte - Tutti + PROSPER CS 300,Az. Agrivinicola Sylla Sebaste - Tutte - Tutti + HELIOSOUFRE S ,Az. Agrivinicola Sylla Sebaste - Tutte - Tutti + BORDOFLOW NEW,Az. Agrivinicola Sylla Sebaste - Tutte - Tutti + HELIOSOUFRE S ,Az. Agrivinicola Sylla Sebaste - Tutte - Tutti + BORDOFLOW NEW,Az. Agrivinicola Sylla Sebaste - Tutte - Tutti + HELIOSOUFRE S ,Az. Agrivinicola Sylla Sebaste - Tutte - Tutti + BioBIt,Az. Agrivinicola Sylla Sebaste - Tutte - Tutti + BORDOFLOW NEW,Az. Agrivinicola Sylla Sebaste - Tutte - Tutti + Tiolene","1137,1137,1145,1145,1157,1157,1166,1166,1172,1172,1172,1175,1175,1175,1191,1191,1191,1191,1191,1195,1203,1203,1203,1203,1215,1215,1215,1215,1222,1226,1226,1226,1232,1232,1240,1240,1240,1244,1244","1471,1471,1496,1496,1516,1516,1541,1541,1559,1559,1559,1562,1562,1562,1578,1578,1578,1578,1578,1591,1607,1607,1607,1607,1621,1621,1621,1621,1627,1637,1637,1637,1647,1647,1654,1654,1654,1656,1656",,,,
Ca' Rome',3.72,"Ca' Rome' - Barbaresco,Ca' Rome' - Serralunga","La Vite d'Oro,La Vite d'Oro",La Vite d'Oro,"Agricola Albese,Agricola Albese",Agricola Albese,"Ca' Rome' - Tutte - Tutti + AMYLO-X,Ca' Rome' - Tutte - Tutti + Folder 80,Ca' Rome' - Tutte - Tutti + THIOPRON,Ca' Rome' - Tutte - Tutti + Folder 80,Ca' Rome' - Tutte - Tutti + THIOPRON,Ca' Rome' - Tutte - Tutti + PERGADO F,Ca' Rome' - Tutte - Tutti + PROSPER CS 300,Ca' Rome' - Tutte - Tutti + PERGADO F,Ca' Rome' - Tutte - Tutti + THIOPRON,Ca' Rome' - Tutte - Tutti + Taifun MK cl,Ca' Rome' - Tutte - Tutti + Zorvec Vinabria,Ca' Rome' - Tutte - Tutti + Revysion ,Ca' Rome' - Tutte - Tutti + THIOPRON,Ca' Rome' - Tutte - Tutti + Enervin Sc,Ca' Rome' - Tutte - Tutti + Folpan 80,Ca' Rome' - Tutte - Tutti + SERCADIS,Ca' Rome' - Tutte - Tutti + THIOPRON,Ca' Rome' - Tutte - Tutti + EPIK SL,Ca' Rome' - Tutte - Tutti + ZOLFO MANICA SCORREVOLE,Ca' Rome' - Tutte - Tutti + BORDOFLOW NEW,Ca' Rome' - Tutte - Tutti + Revysion ,Ca' Rome' - Tutte - Tutti + THIOPRON,Ca' Rome' - Tutte - Tutti + Voliam,Ca' Rome' - Tutte - Tutti + BORDOFLOW NEW,Ca' Rome' - Tutte - Tutti + Score 25 sc,Ca' Rome' - Tutte - Tutti + HELIOSOUFRE S ,Ca' Rome' - Tutte - Tutti + TREBON UP ,Ca' Rome' - Tutte - Tutti + ZOLFO MANICA SCORREVOLE,Ca' Rome' - Tutte - Tutti + BORDOFLOW NEW,Ca' Rome' - Tutte - Tutti + PROSPER CS 300,Ca' Rome' - Tutte - Tutti + HELIOSOUFRE S ,Ca' Rome' - Tutte - Tutti + BORDOFLOW NEW,Ca' Rome' - Tutte - Tutti + HELIOSOUFRE S ,Ca' Rome' - Tutte - Tutti + BORDOFLOW NEW,Ca' Rome' - Tutte - Tutti + HELIOSOUFRE S ,Ca' Rome' - Tutte - Tutti + BioBIt,Ca' Rome' - Tutte - Tutti + BORDOFLOW NEW,Ca' Rome' - Tutte - Tutti + Tiolene","1137,1137,1145,1145,1157,1157,1166,1166,1172,1175,1175,1175,1191,1191,1191,1191,1191,1195,1203,1203,1203,1203,1215,1215,1215,1215,1222,1226,1226,1226,1232,1232,1240,1240,1240,1244,1244","1472,1472,1496,1496,1514,1514,1542,1542,1548,1562,1562,1562,1577,1577,1577,1577,1577,1591,1607,1607,1607,1607,1621,1621,1621,1621,1627,1637,1637,1637,1647,1647,1654,1654,1654,1656,1656",,,,
Corino,6.83,Corino - San Rosalia,,,,,"Corino - Tutte - Tutti + Folder 80,Corino - Tutte - Tutti + THIOPRON","1136,1136","1474,1474",,,,
Corino / Nocciole,10.79,Corino / Nocciole - Nocciole Corino,,,,,,,,,,,
Carlin De Paolo,20.55,"Carlin De Paolo - San Damiano - Vezza,Carlin De Paolo - Nuovo impianto 2021",,,"Dematteis Carlo,Dematteis Carlo",Dematteis Carlo,"Carlin De Paolo - Tutte - Tutti + AMYLO-X,Carlin De Paolo - Tutte - Tutti + Folder 80,Carlin De Paolo - Tutte - Tutti + THIOPRON,Carlin De Paolo - Tutte - Tutti + Folder 80,Carlin De Paolo - Tutte - Tutti + THIOPRON,Carlin De Paolo - Tutte - Tutti + PERGADO F,Carlin De Paolo - Tutte - Tutti + PROSPER CS 300,Carlin De Paolo - Tutte - Tutti + PERGADO F,Carlin De Paolo - Tutte - Tutti + THIOPRON,Carlin De Paolo - Tutte - Tutti + Zorvec Vinabria,Carlin De Paolo - Tutte - Tutti + Revysion ,Carlin De Paolo - Tutte - Tutti + THIOPRON,Carlin De Paolo - Tutte - Tutti + Zorvec Vinabria,Carlin De Paolo - Tutte - Tutti + Revysion ,Carlin De Paolo - Tutte - Tutti + THIOPRON,Carlin De Paolo - Tutte - Tutti + Enervin Sc,Carlin De Paolo - Tutte - Tutti + Folder 80,Carlin De Paolo - Tutte - Tutti + SERCADIS,Carlin De Paolo - Tutte - Tutti + EPIK SL,Carlin De Paolo - Tutte - Tutti + THIOPRON,Carlin De Paolo - Tutte - Tutti + EPIK SL,Carlin De Paolo - Tutte - Tutti + BORDOFLOW NEW,Carlin De Paolo - Tutte - Tutti + Revysion ,Carlin De Paolo - Tutte - Tutti + THIOPRON,Carlin De Paolo - Tutte - Tutti + Voliam,Carlin De Paolo - Tutte - Tutti + BORDOFLOW NEW,Carlin De Paolo - Tutte - Tutti + THIOPRON,Carlin De Paolo - Tutte - Tutti + TREBON UP ,Carlin De Paolo - Tutte - Tutti + BORDOFLOW NEW,Carlin De Paolo - Tutte - Tutti + HELIOSOUFRE S ,Carlin De Paolo - Tutte - Tutti + Decis Evo,Carlin De Paolo - Tutte - Tutti + BORDOFLOW NEW,Carlin De Paolo - Tutte - Tutti + HELIOSOUFRE S ,Carlin De Paolo - Tutte - Tutti + BioBIt,Carlin De Paolo - Tutte - Tutti + BORDOFLOW NEW,Carlin De Paolo - Tutte - Tutti + THIOPRON,Carlin De Paolo - Tutte - Tutti + BioBIt,Carlin De Paolo - Tutte - Tutti + BORDOFLOW NEW","1139,1139,1148,1148,1158,1158,1166,1166,1175,1175,1175,1191,1191,1191,1191,1191,1200,1200,1200,1200,1211,1211,1211,1226,1226,1226,1240,1240,1240,1243,1243,1243","1476,1476,1499,1499,1520,1520,1541,1541,1558,1558,1558,1582,1582,1582,1582,1582,1603,1603,1603,1603,1613,1613,1613,1637,1637,1637,1651,1651,1651,1655,1655,1655",,,,
Bello Mario / Vite,2.14,Bello Mario / Vite - Vite San Martino,,,Agricola Albese,Agricola Albese,"Bello Mario / Vite - Tutte - Tutti + Folder 80,Bello Mario / Vite - Tutte - Tutti + THIOPRON","1140,1140","1474,1474",,,,
Bello Mario / Nocciole,8.21,Bello Mario / Nocciole - Nocciole San Martino,,,Agricola Albese,Agricola Albese,Bello Mario / Nocciole - Tutte - Tutti + THIOPRON,1134,1461,,,,
Cauda Giuseppe,6.14,Cauda Giuseppe - Cisterna,,,Agricola Albese,Agricola Albese,,,,,,,
Bruno Gianluca,8.00,Bruno Gianluca - Priocca ,,,,,"Bruno Gianluca - Tutte - Tutti + Folder 80,Bruno Gianluca - Tutte - Tutti + THIOPRON","1140,1140","1475,1475",,,,
Grasso Tiziano / Vite,5.60,Grasso Tiziano / Vite - Calosso Vite,,,,,,,,,,,
Grasso Tiziano / Nocciole,1.00,Grasso Tiziano / Nocciole - Calosso Nocciole,,,,,,,,,,,
Franco Vincenzo / Vite,1.90,"Franco Vincenzo / Vite - Torrazzo,Franco Vincenzo / Vite - Torrazzo Paolo ",,,,,,,,,,,
Franco Vincenzo / Nocciole,2.00,Franco Vincenzo / Nocciole - Nocciole,,,,,,,,,,,
Tartaglino Alessandro,9.00,Tartaglino Alessandro - Isola,,,,,,,,,,,
Paolo Scavino di Enrico Scavino,31.26,"Paolo Scavino di Enrico Scavino - Barolo+Castiglione+La Morra+Bussia+Novello+Roddi+Verduno,Paolo Scavino di Enrico Scavino - Chardonnay+Souvignon+Merlot sotto Fiasc,Paolo Scavino di Enrico Scavino - Serralunga+Pernanno",Veglio Fratelli,Veglio Fratelli,,,"Paolo Scavino di Enrico Scavino - Tutte - Tutti + AMYLO-X,Paolo Scavino di Enrico Scavino - Tutte - Tutti + Folpan 80 wg,Paolo Scavino di Enrico Scavino - Tutte - Tutti + THIOPRON,Paolo Scavino di Enrico Scavino - Tutte - Tutti + Fructol Bio,Paolo Scavino di Enrico Scavino - Tutte - Tutti + PERGADO F,Paolo Scavino di Enrico Scavino - Tutte - Tutti + THIOPRON,Paolo Scavino di Enrico Scavino - Tutte - Tutti + Folder 80,Paolo Scavino di Enrico Scavino - Tutte - Tutti + PROSPER CS 300,Paolo Scavino di Enrico Scavino - Tutte - Tutti + PERGADO F,Paolo Scavino di Enrico Scavino - Tutte - Tutti + THIOPRON,Paolo Scavino di Enrico Scavino - Tutte - Tutti + Zorvec Vinabria,Paolo Scavino di Enrico Scavino - Tutte - Tutti + Revysion ,Paolo Scavino di Enrico Scavino - Tutte - Tutti + THIOPRON,Paolo Scavino di Enrico Scavino - Tutte - Tutti + Enervin Sc,Paolo Scavino di Enrico Scavino - Tutte - Tutti + Folpan 80,Paolo Scavino di Enrico Scavino - Tutte - Tutti + THIOPRON,Paolo Scavino di Enrico Scavino - Tutte - Tutti + EPIK SL,Paolo Scavino di Enrico Scavino - Tutte - Tutti + BitterMag,Paolo Scavino di Enrico Scavino - Tutte - Tutti + BORDOFLOW NEW,Paolo Scavino di Enrico Scavino - Tutte - Tutti + HELIOSOUFRE S ,Paolo Scavino di Enrico Scavino - Tutte - Tutti + Voliam,Paolo Scavino di Enrico Scavino - Tutte - Tutti + BORDOFLOW NEW,Paolo Scavino di Enrico Scavino - Tutte - Tutti + HELIOSOUFRE S ,Paolo Scavino di Enrico Scavino - Tutte - Tutti + POLTIGLIA BORD DISPERS X15,Paolo Scavino di Enrico Scavino - Tutte - Tutti + HELIOSOUFRE S ,Paolo Scavino di Enrico Scavino - Tutte - Tutti + TREBON UP ","1142,1142,1142,1155,1155,1163,1163,1166,1166,1172,1172,1172,1188,1188,1188,1188,1198,1198,1198,1206,1206,1217,1217,1217","1482,1482,1482,1507,1507,1522,1522,1540,1540,1561,1561,1561,1570,1570,1570,1570,1597,1597,1597,1610,1610,1617,1617,1617",,,,
Cascina Alberta,9.42,Cascina Alberta - Treiso,La Vite d'Oro,La Vite d'Oro,Agricola Albese,Agricola Albese,"Cascina Alberta - Tutte - Tutti + AMYLO-X,Cascina Alberta - Tutte - Tutti + HELIOCUIVRE,Cascina Alberta - Tutte - Tutti + THIOPRON,Cascina Alberta - Tutte - Tutti + Ferticus 40 M,Cascina Alberta - Tutte - Tutti + THIOPRON,Cascina Alberta - Tutte - Tutti + HELIOCUIVRE,Cascina Alberta - Tutte - Tutti + THIOPRON,Cascina Alberta - Tutte - Tutti + HELIOCUIVRE,Cascina Alberta - Tutte - Tutti + HELIOCUIVRE,Cascina Alberta - Tutte - Tutti + THIOPRON,Cascina Alberta - Tutte - Tutti + HELIOCUIVRE,Cascina Alberta - Tutte - Tutti + THIOPRON,Cascina Alberta - Tutte - Tutti + THIOPRON,Cascina Alberta - Tutte - Tutti + HELIOCUIVRE,Cascina Alberta - Tutte - Tutti + LABICUPER,Cascina Alberta - Tutte - Tutti + THIOPRON,Cascina Alberta - Tutte - Tutti + HELIOCUIVRE,Cascina Alberta - Tutte - Tutti + Asset Five,Cascina Alberta - Tutte - Tutti + THIOPRON,Cascina Alberta - Tutte - Tutti + ZOLFO MANICA SCORREVOLE,Cascina Alberta - Tutte - Tutti + BORDOFLOW NEW,Cascina Alberta - Tutte - Tutti + THIOPRON,Cascina Alberta - Tutte - Tutti + Asset Five,Cascina Alberta - Tutte - Tutti + HELIOCUIVRE,Cascina Alberta - Tutte - Tutti + THIOPRON,Cascina Alberta - Tutte - Tutti + Asset Five,Cascina Alberta - Tutte - Tutti + ZOLFO MANICA SCORREVOLE,Cascina Alberta - Tutte - Tutti + BORDOFLOW NEW,Cascina Alberta - Tutte - Tutti + HELIOSOUFRE S ,Cascina Alberta - Tutte - Tutti + BioBIt,Cascina Alberta - Tutte - Tutti + HELIOCUIVRE,Cascina Alberta - Tutte - Tutti + HELIOSOUFRE S ,Cascina Alberta - Tutte - Tutti + BORDOFLOW NEW,Cascina Alberta - Tutte - Tutti + HELIOSOUFRE S ,Cascina Alberta - Tutte - Tutti + BORDOFLOW NEW,Cascina Alberta - Tutte - Tutti + Tiolene,Cascina Alberta - Tutte - Tutti + BioBIt","1138,1138,1148,1148,1158,1158,1165,1165,1169,1169,1177,1177,1177,1182,1182,1182,1192,1198,1198,1198,1206,1206,1206,1212,1220,1220,1220,1228,1228,1237,1237","1477,1477,1494,1494,1519,1519,1531,1531,1544,1544,1552,1552,1552,1567,1567,1567,1587,1601,1601,1601,1610,1610,1610,1614,1624,1624,1624,1639,1639,1641,1641",,,,
L'Alegra / Vite,4.88,L'Alegra / Vite - Vigneto Cortanze,,,Agricola Isolana,Agricola Isolana,"L'Alegra / Vite - Tutte - Tutti + AMYLO-X,L'Alegra / Vite - Tutte - Tutti + HELIOCUIVRE,L'Alegra / Vite - Tutte - Tutti + THIOPRON,L'Alegra / Vite - Tutte - Tutti + HELIOCUIVRE,L'Alegra / Vite - Tutte - Tutti + THIOPRON,L'Alegra / Vite - Tutte - Tutti + HELIOCUIVRE,L'Alegra / Vite - Tutte - Tutti + THIOPRON,L'Alegra / Vite - Tutte - Tutti + HELIOCUIVRE S,L'Alegra / Vite - Tutte - Tutti + THIOPRON,L'Alegra / Vite - Tutte - Tutti + HELIOCUIVRE,L'Alegra / Vite - Tutte - Tutti + THIOPRON,L'Alegra / Vite - Tutte - Tutti + HELIOCUIVRE,L'Alegra / Vite - Tutte - Tutti + THIOPRON,L'Alegra / Vite - Tutte - Tutti + Ossiclor 35,L'Alegra / Vite - Tutte - Tutti + THIOPRON,L'Alegra / Vite - Tutte - Tutti + Biopiren plus,L'Alegra / Vite - Tutte - Tutti + Ossiclor 35,L'Alegra / Vite - Tutte - Tutti + THIOPRON,L'Alegra / Vite - Tutte - Tutti + THIOPRON,L'Alegra / Vite - Tutte - Tutti + Biopiren Plus,L'Alegra / Vite - Tutte - Tutti + Ossiclor 35,L'Alegra / Vite - Tutte - Tutti + THIOPRON,L'Alegra / Vite - Tutte - Tutti + Biopiren Plus,L'Alegra / Vite - Tutte - Tutti + Ossiclor 35,L'Alegra / Vite - Tutte - Tutti + THIOPRON,L'Alegra / Vite - Tutte - Tutti + Ossiclor 35,L'Alegra / Vite - Tutte - Tutti + THIOPRON,L'Alegra / Vite - Tutte - Tutti + Ossiclor 35,L'Alegra / Vite - Tutte - Tutti + THIOPRON,L'Alegra / Vite - Tutte - Tutti + Ossiclor 35,L'Alegra / Vite - Tutte - Tutti + THIOPRON","1140,1140,1149,1149,1161,1161,1166,1166,1172,1172,1178,1178,1185,1185,1185,1193,1193,1193,1207,1207,1207,1210,1210,1221,1221,1229,1229,1236,1236","1481,1481,1492,1492,1521,1521,1532,1532,1549,1549,1552,1552,1569,1569,1569,1588,1588,1588,1608,1608,1608,1612,1612,1628,1628,1640,1640,1641,1641",,,,
L'Alegra / Nocciole,59.79,"L'Alegra / Nocciole - Nocciole Cortanze,L'Alegra / Nocciole - Nocciole Vecchie Settime,L'Alegra / Nocciole - Nocciole  Settime dal 2014 al 2021,L'Alegra / Nocciole - Impianti 2023",,,"Agricola Isolana,Agricola Isolana,Agricola Isolana,Agricola Isolana",Agricola Isolana,"L'Alegra / Nocciole - Tutte - Tutti + THIOPRON,L'Alegra / Nocciole - Tutte - Tutti + Isabion","1134,1134","1461,1461",,,,
Guido Berta,12.00,"Guido Berta - Berta Biologico,Guido Berta - Berta Convenzionale",,,,,"Guido Berta - Tutte - Tutti + AMYLO-X,Guido Berta - Tutte - Tutti + Folder 80,Guido Berta - Tutte - Tutti + THIOPRON,Guido Berta - Tutte - Tutti + Folder 80,Guido Berta - Tutte - Tutti + THIOPRON","1146,1146,1147,1147","1485,1485,1501,1501",,,,
Zublema,6.00,Zublema - Viverone,,,,,,,,,,,
Broccardo SS,12.83,Broccardo SS - Monforte,,,,,"Broccardo SS - Tutte - Tutti + AMYLO-X,Broccardo SS - Tutte - Tutti + Folpan 80 wg,Broccardo SS - Tutte - Tutti + THIOPRON,Broccardo SS - Tutte - Tutti + Pergado Sc,Broccardo SS - Tutte - Tutti + Folpan 80 wg,Broccardo SS - Tutte - Tutti + THIOPRON","1148,1148,1157,1157,1157","1501,1501,1517,1517,1517",,,,
Diego Pressenda SS,15.61,Diego Pressenda SS - La Torricella ,,,,,Diego Pressenda SS - Tutte - Tutti + AMYLO-X,,,,,,
Poglio Roberto,8.00,Poglio Roberto - Castel Calcea,,,,,,,,,,,
Piattino,0.00,Piattino - Nocciole Piattino,,,,,,,,,,,
Cagnasso Effren,0.00,Cagnasso Effren - Rodello,,,,,,,,,,,
Soc. Coop. Pusabren,26.48,"Soc. Coop. Pusabren - Castelnuovo Calcea,Soc. Coop. Pusabren - Canelli,Soc. Coop. Pusabren - San Marzano Oliveto,Soc. Coop. Pusabren - Maranzana Mombaruzzo","Pusabren,Pusabren,Pusabren,Pusabren",Pusabren,,,"Soc. Coop. Pusabren - Tutte - Tutti + Folder 80,Soc. Coop. Pusabren - Tutte - Tutti + Folder 80,Soc. Coop. Pusabren - Tutte - Tutti + THIOPRON,Soc. Coop. Pusabren - Tutte - Tutti + Folder 80,Soc. Coop. Pusabren - Tutte - Tutti + THIOPRON,Soc. Coop. Pusabren - Tutte - Tutti + PERGADO F,Soc. Coop. Pusabren - Tutte - Tutti + PROSPER CS 300,Soc. Coop. Pusabren - Tutte - Tutti + PERGADO F,Soc. Coop. Pusabren - Tutte - Tutti + THIOPRON,Soc. Coop. Pusabren - Tutte - Tutti + Zorvec Vinabria,Soc. Coop. Pusabren - Tutte - Tutti + Revysion ,Soc. Coop. Pusabren - Tutte - Tutti + THIOPRON,Soc. Coop. Pusabren - Tutte - Tutti + Enervin Sc,Soc. Coop. Pusabren - Tutte - Tutti + Folpan 80,Soc. Coop. Pusabren - Tutte - Tutti + SERCADIS,Soc. Coop. Pusabren - Tutte - Tutti + THIOPRON,Soc. Coop. Pusabren - Tutte - Tutti + EPIK SL,Soc. Coop. Pusabren - Tutte - Tutti + BORDOFLOW NEW,Soc. Coop. Pusabren - Tutte - Tutti + Revysion ,Soc. Coop. Pusabren - Tutte - Tutti + THIOPRON,Soc. Coop. Pusabren - Tutte - Tutti + CORAGEN,Soc. Coop. Pusabren - Tutte - Tutti + BORDOFLOW NEW,Soc. Coop. Pusabren - Tutte - Tutti + Brek,Soc. Coop. Pusabren - Tutte - Tutti + HELIOSOUFRE S ,Soc. Coop. Pusabren - Tutte - Tutti + TREBON UP ,Soc. Coop. Pusabren - Tutte - Tutti + POLTIGLIA BORD DISPERS X15,Soc. Coop. Pusabren - Tutte - Tutti + MICROTHIOL DISPERSS,Soc. Coop. Pusabren - Tutte - Tutti + Decis Evo,Soc. Coop. Pusabren - Tutte - Tutti + POLTIGLIA BORD DISPERS X15,Soc. Coop. Pusabren - Tutte - Tutti + MICROTHIOL DISPERSS,Soc. Coop. Pusabren - Tutte - Tutti + Affirm","1137,1137,1143,1143,1156,1156,1164,1164,1175,1175,1175,1190,1190,1190,1190,1190,1201,1201,1201,1201,1215,1215,1215,1215,1225,1225,1225,1235,1235,1235","1472,1472,1483,1483,1511,1511,1530,1530,1550,1550,1550,1581,1581,1581,1581,1581,1604,1604,1604,1604,1620,1620,1620,1620,1635,1635,1635,1642,1642,1642",,,,
Antinori Soc. Agricola ARL,3.44,Antinori Soc. Agricola ARL - Serralunga,Terra Viva,Terra Viva,Agricola Albese,Agricola Albese,"Antinori Soc. Agricola ARL - Tutte - Tutti + AMYLO-X,Antinori Soc. Agricola ARL - Tutte - Tutti + Folder 80,Antinori Soc. Agricola ARL - Tutte - Tutti + THIOPRON,Antinori Soc. Agricola ARL - Tutte - Tutti + Folder 80,Antinori Soc. Agricola ARL - Tutte - Tutti + THIOPRON,Antinori Soc. Agricola ARL - Tutte - Tutti + PERGADO F,Antinori Soc. Agricola ARL - Tutte - Tutti + PROSPER CS 300,Antinori Soc. Agricola ARL - Tutte - Tutti + PERGADO F,Antinori Soc. Agricola ARL - Tutte - Tutti + THIOPRON,Antinori Soc. Agricola ARL - Tutte - Tutti + Taifun MK cl,Antinori Soc. Agricola ARL - Tutte - Tutti + Revolution,Antinori Soc. Agricola ARL - Tutte - Tutti + lecitina,Antinori Soc. Agricola ARL - Tutte - Tutti + Zorvec Vinabria,Antinori Soc. Agricola ARL - Tutte - Tutti + Revysion ,Antinori Soc. Agricola ARL - Tutte - Tutti + THIOPRON,Antinori Soc. Agricola ARL - Tutte - Tutti + Enervin Sc,Antinori Soc. Agricola ARL - Tutte - Tutti + Folder 80,Antinori Soc. Agricola ARL - Tutte - Tutti + SERCADIS,Antinori Soc. Agricola ARL - Tutte - Tutti + THIOPRON,Antinori Soc. Agricola ARL - Tutte - Tutti + EPIK SL,Antinori Soc. Agricola ARL - Tutte - Tutti + ZOLFO MANICA SCORREVOLE,Antinori Soc. Agricola ARL - Tutte - Tutti + BORDOFLOW NEW,Antinori Soc. Agricola ARL - Tutte - Tutti + Revysion ,Antinori Soc. Agricola ARL - Tutte - Tutti + THIOPRON,Antinori Soc. Agricola ARL - Tutte - Tutti + Voliam,Antinori Soc. Agricola ARL - Tutte - Tutti + BORDOFLOW NEW,Antinori Soc. Agricola ARL - Tutte - Tutti + Score 25 sc,Antinori Soc. Agricola ARL - Tutte - Tutti + THIOPRON,Antinori Soc. Agricola ARL - Tutte - Tutti + TREBON UP ,Antinori Soc. Agricola ARL - Tutte - Tutti + ZOLFO MANICA SCORREVOLE,Antinori Soc. Agricola ARL - Tutte - Tutti + BORDOFLOW NEW,Antinori Soc. Agricola ARL - Tutte - Tutti + PROSPER CS 300,Antinori Soc. Agricola ARL - Tutte - Tutti + THIOPRON,Antinori Soc. Agricola ARL - Tutte - Tutti + BORDOFLOW NEW,Antinori Soc. Agricola ARL - Tutte - Tutti + HELIOSOUFRE S ,Antinori Soc. Agricola ARL - Tutte - Tutti + BORDOFLOW NEW,Antinori Soc. Agricola ARL - Tutte - Tutti + HELIOSOUFRE S ,Antinori Soc. Agricola ARL - Tutte - Tutti + Affirm,Antinori Soc. Agricola ARL - Tutte - Tutti + BORDOFLOW NEW,Antinori Soc. Agricola ARL - Tutte - Tutti + Tiolene,Antinori Soc. Agricola ARL - Tutte - Tutti + BioBIt","1137,1137,1144,1144,1157,1157,1166,1166,1169,1169,1169,1175,1175,1175,1191,1191,1191,1191,1191,1195,1198,1198,1198,1198,1216,1216,1216,1216,1222,1227,1227,1227,1233,1233,1238,1238,1238","1472,1472,1496,1496,1514,1514,1541,1541,1546,1546,1546,1560,1560,1560,1579,1579,1579,1579,1579,1591,1600,1600,1600,1600,1619,1619,1619,1619,1627,1638,1638,1638,1647,1647,1650,1650,1650",,,,
La Coltivatrice,9.34,La Coltivatrice - La Coltivatrice,,,,,,,,,Nessun trattamento previsto,,
La Masera,10.00,La Masera - Viverone,,,,,,,,,Nessun trattamento previsto,,
Rubbiolo Matteo,3.00,"Rubbiolo Matteo - Impianto 2023,Rubbiolo Matteo - Impianto 2024",,,,,"Rubbiolo Matteo - Tutte - Tutti + Folpan 80 wg,Rubbiolo Matteo - Tutte - Tutti + THIOPRON,Rubbiolo Matteo - Tutte - Tutti + Folder 80,Rubbiolo Matteo - Tutte - Tutti + THIOPRON,Rubbiolo Matteo - Tutte - Tutti + PERGADO F,Rubbiolo Matteo - Tutte - Tutti + Spirostar,Rubbiolo Matteo - Tutte - Tutti + PERGADO F,Rubbiolo Matteo - Tutte - Tutti + THIOPRON,Rubbiolo Matteo - Tutte - Tutti + PERGADO F,Rubbiolo Matteo - Tutte - Tutti + Revysion ,Rubbiolo Matteo - Tutte - Tutti + THIOPRON,Rubbiolo Matteo - Tutte - Tutti + Enervin Sc,Rubbiolo Matteo - Tutte - Tutti + Folpan 80,Rubbiolo Matteo - Tutte - Tutti + SERCADIS,Rubbiolo Matteo - Tutte - Tutti + THIOPRON,Rubbiolo Matteo - Tutte - Tutti + EPIK SL,Rubbiolo Matteo - Tutte - Tutti + SERCADIS,Rubbiolo Matteo - Tutte - Tutti + POLTIGLIA BORD DISPERS X15,Rubbiolo Matteo - Tutte - Tutti + THIOPRON,Rubbiolo Matteo - Tutte - Tutti + Revysion ,Rubbiolo Matteo - Tutte - Tutti + TREBON UP ,Rubbiolo Matteo - Tutte - Tutti + BORDOFLOW NEW,Rubbiolo Matteo - Tutte - Tutti + THIOPRON,Rubbiolo Matteo - Tutte - Tutti + POLTIGLIA BORD DISPERS X15,Rubbiolo Matteo - Tutte - Tutti + THIOPRON,Rubbiolo Matteo - Tutte - Tutti + POLTIGLIA BORD DISPERS X15,Rubbiolo Matteo - Tutte - Tutti + THIOPRON,Rubbiolo Matteo - Tutte - Tutti + POLTIGLIA BORD DISPERS X15,Rubbiolo Matteo - Tutte - Tutti + THIOPRON,Rubbiolo Matteo - Tutte - Tutti + POLTIGLIA BORD DISPERS X15,Rubbiolo Matteo - Tutte - Tutti + THIOPRON","1140,1140,1149,1149,1161,1161,1167,1167,1176,1176,1176,1191,1191,1191,1191,1191,1207,1207,1207,1207,1218,1218,1228,1228,1238,1238","1480,1480,1493,1493,1521,1521,1537,1537,1553,1553,1553,1584,1584,1584,1584,1586,1609,1609,1609,1609,1618,1618,1639,1639,1649,1649",,Nessun trattamento previsto,,
Tenute del Vino - La Vite d'Oro,20.72,"Tenute del Vino - La Vite d'Oro - Tirados,Tenute del Vino - La Vite d'Oro - Barolo","La Vite d'Oro,La Vite d'Oro",La Vite d'Oro,,,"Tenute del Vino - La Vite d'Oro - Tutte - Tutti + AMYLO-X,Tenute del Vino - La Vite d'Oro - Tutte - Tutti + AMYLO-X,Tenute del Vino - La Vite d'Oro - Tutte - Tutti + HELIOCUIVRE,Tenute del Vino - La Vite d'Oro - Tutte - Tutti + THIOPRON,Tenute del Vino - La Vite d'Oro - Tutte - Tutti + HELIOCUIVRE,Tenute del Vino - La Vite d'Oro - Tutte - Tutti + THIOPRON","1138,1138","1478,1478",,Nessun trattamento previsto,,
La Cardinala,6.38,"La Cardinala - Merlot e Cabernet,La Cardinala - Chardonnay,La Cardinala - Syrah,La Cardinala - Pinot nero",,,,,"La Cardinala - Tutte - Tutti + AMYLO-X,La Cardinala - Tutte - Tutti + AMYLO-X,La Cardinala - Tutte - Tutti + Folder 80,La Cardinala - Tutte - Tutti + THIOPRON,La Cardinala - Tutte - Tutti + Folpan 80,La Cardinala - Tutte - Tutti + Folpan 80 wg,La Cardinala - Tutte - Tutti + THIOPRON","1137,1137,1148,1148","1473,1473,1497,1497",,Nessun trattamento previsto,,
Ferrero Giuseppe,6.00,Ferrero Giuseppe - San Damiano,,,,,Ferrero Giuseppe - Tutte - Tutti + AMYLO-X,,,,Nessun trattamento previsto,,
Tenute del Vino - Vigneti 360,6.48,Tenute del Vino - Vigneti 360 - Ponti,Vigneti 360,Vigneti 360,,,"Tenute del Vino - Vigneti 360 - Tutte - Tutti + HELIOCUIVRE,Tenute del Vino - Vigneti 360 - Tutte - Tutti + THIOPRON,Tenute del Vino - Vigneti 360 - Tutte - Tutti + HELIOCUIVRE,Tenute del Vino - Vigneti 360 - Tutte - Tutti + THIOPRON,Tenute del Vino - Vigneti 360 - Tutte - Tutti + POLTIGLIA BORD DISPERS X15,Tenute del Vino - Vigneti 360 - Tutte - Tutti + THIOPRON,Tenute del Vino - Vigneti 360 - Tutte - Tutti + HELIOCUIVRE,Tenute del Vino - Vigneti 360 - Tutte - Tutti + THIOPRON,Tenute del Vino - Vigneti 360 - Tutte - Tutti + HELIOCUIVRE,Tenute del Vino - Vigneti 360 - Tutte - Tutti + LABICUPER,Tenute del Vino - Vigneti 360 - Tutte - Tutti + THIOPRON","1138,1138,1154,1154,1163,1163,1181,1181,1181","1478,1478,1506,1506,1521,1521,1551,1551,1551",,Nessun trattamento previsto,,
Saracco Pierluigi di Lanata Francesca,4.87,Saracco Pierluigi di Lanata Francesca - Lanata,Pusabren,Pusabren,,,"Saracco Pierluigi di Lanata Francesca - Tutte - Tutti + Folpan 80 wg,Saracco Pierluigi di Lanata Francesca - Tutte - Tutti + Folder 80,Saracco Pierluigi di Lanata Francesca - Tutte - Tutti + THIOPRON,Saracco Pierluigi di Lanata Francesca - Tutte - Tutti + Folpan 80 wg,Saracco Pierluigi di Lanata Francesca - Tutte - Tutti + THIOPRON,Saracco Pierluigi di Lanata Francesca - Tutte - Tutti + PERGADO F,Saracco Pierluigi di Lanata Francesca - Tutte - Tutti + PROSPER CS 300,Saracco Pierluigi di Lanata Francesca - Tutte - Tutti + PERGADO F,Saracco Pierluigi di Lanata Francesca - Tutte - Tutti + THIOPRON,Saracco Pierluigi di Lanata Francesca - Tutte - Tutti + Zorvec Vinabria,Saracco Pierluigi di Lanata Francesca - Tutte - Tutti + Revysion ,Saracco Pierluigi di Lanata Francesca - Tutte - Tutti + THIOPRON,Saracco Pierluigi di Lanata Francesca - Tutte - Tutti + Enervin Sc,Saracco Pierluigi di Lanata Francesca - Tutte - Tutti + Folder 80,Saracco Pierluigi di Lanata Francesca - Tutte - Tutti + SERCADIS,Saracco Pierluigi di Lanata Francesca - Tutte - Tutti + THIOPRON,Saracco Pierluigi di Lanata Francesca - Tutte - Tutti + EPIK SL,Saracco Pierluigi di Lanata Francesca - Tutte - Tutti + BORDOFLOW NEW,Saracco Pierluigi di Lanata Francesca - Tutte - Tutti + Revysion ,Saracco Pierluigi di Lanata Francesca - Tutte - Tutti + THIOPRON,Saracco Pierluigi di Lanata Francesca - Tutte - Tutti + CORAGEN,Saracco Pierluigi di Lanata Francesca - Tutte - Tutti + BORDOFLOW NEW,Saracco Pierluigi di Lanata Francesca - Tutte - Tutti + Brek,Saracco Pierluigi di Lanata Francesca - Tutte - Tutti + HELIOSOUFRE S ,Saracco Pierluigi di Lanata Francesca - Tutte - Tutti + TREBON UP ,Saracco Pierluigi di Lanata Francesca - Tutte - Tutti + POLTIGLIA BORD DISPERS X15,Saracco Pierluigi di Lanata Francesca - Tutte - Tutti + MICROTHIOL DISPERSS,Saracco Pierluigi di Lanata Francesca - Tutte - Tutti + Decis Evo","1140,1140,1152,1152,1163,1163,1167,1167,1178,1178,1178,1191,1191,1191,1191,1191,1203,1203,1203,1203,1219,1219,1219,1219,1227,1227,1227","1479,1479,1504,1504,1522,1522,1541,1541,1552,1552,1552,1580,1580,1580,1580,1580,1608,1608,1608,1608,1623,1623,1623,1623,1638,1638,1638",,Nessun trattamento previsto,,