Nome prodotto,Principio attivo,Avversità,N.R.,Unità di misura,Trattamenti,Magazzino,Created
AMYLO-X,"Bacillus amyloliquefaciens, sottospecie  plantarum, ceppo D747",Botrite,15302,Kg,"Prunotto / Diano - Tutte - Tutti + AMYLO-X,Prunotto / Asti - Tutte - Tutti + AMYLO-X,Prunotto / Pian Romualdo - Tutte - Tutti + AMYLO-X,Mauro Sebaste - Tutte - Tutti + AMYLO-X,Azienda Agricola Chiarlo S.S / Alba - Tutte - Tutti + AMYLO-X,Azienda Agricola Chiarlo S.S / Asti - Tutte - Tutti + AMYLO-X,Bussia Soprana di Casiraghi Silvano - Tutte - Tutti + AMYLO-X,Az. Agrivinicola Sylla Sebaste - Tutte - Tutti + AMYLO-X,Ca' Rome' - Tutte - Tutti + AMYLO-X,Carlin De Paolo - Tutte - Tutti + AMYLO-X,Paolo Scavino di Enrico Scavino - Tutte - Tutti + AMYLO-X,Cascina Alberta - Tutte - Tutti + AMYLO-X,L'Alegra / Vite - Tutte - Tutti + AMYLO-X,Guido Berta - Tutte - Tutti + AMYLO-X,Broccardo SS - Tutte - Tutti + AMYLO-X,Diego Pressenda SS - Tutte - Tutti + AMYLO-X,Antinori Soc. Agricola ARL - Tutte - Tutti + AMYLO-X,Tenute del Vino - La Vite d'Oro - Tutte - Tutti + AMYLO-X,La Cardinala - Tutte - Tutti + AMYLO-X,Tenute del Vino - La Vite d'Oro - Tutte - Tutti + AMYLO-X,La Cardinala - Tutte - Tutti + AMYLO-X,Ferrero Giuseppe - Tutte - Tutti + AMYLO-X,Tenute del Vino - La Vite d'Oro - Tirados - Tutti + AMYLO-X,Prunotto / Alba - Tutte - Tutti + AMYLO-X",,22/3/2020
SERENADE ASO,"Bacillus subtilis, ceppo QST 713 g 1,34 (14,1 g/L)",Botrite,16780,l,Prunotto / Alba - Tutte - Tutti + SERENADE ASO,,22/3/2020
SWITCH,"Cyprodinil 37,50 + Fludioxonil 25%",Botrite,9578,Kg,"Mauro Sebaste - Roncaglie - Tutti + SWITCH,Prunotto / Asti - Agliano  - Tutti + SWITCH",,22/3/2020
TELDOR PLUS ,"Fenhexamid. 42,8% (500 g/l)",Botrite, 05*13084,l,Prunotto / Alba - Tutte - Tutti + TELDOR PLUS ,,22/3/2020
OIKOS,"Azadiractina a 2,40% (= 26,00 g/l)",Cicaline,10305,l,,,22/3/2020
KARATHE ZEON,"Lambda-cialotrina 9,48% (100 g/l)",Cimici,10944,l,La Cardinala - Merlot e Cabernet - Tutti + KARATHE ZEON,,22/3/2020
AGROFERT MB 10-5-14.5 X 25,,Concime,,Kg,"Tenute del Vino - La Vite d'Oro - Barolo - Tutti + AGROFERT MB 10-5-14.5 X 25,Tenute del Vino - Vigneti 360 - Ponti - Tutti + AGROFERT MB 10-5-14.5 X 25,La Cardinala - Pinot nero - Tutti + AGROFERT MB 10-5-14.5 X 25",,22/3/2020
AGROLIG X 22.8 KG,,Concime,,N.,,,22/3/2020
LABIN 8-5-15 ORGANOMIN. X 25       ,,Concime,,Kg,,,22/3/2020
MULTI GRO 17 9 16 LENT CESS X 25,,Concime,,Kg,,,22/3/2020
NPK ORIGINAL GOLD X 25 KG,,Concime,,Kg,,,22/3/2020
POLYSULPHATE 0-0-14  X 25 KG BIO,,Concime,,Kg,,,22/3/2020
PRODIGY UP,,Concime,,Kg,,,22/3/2020
PROGRESS MICRO 6-5-13+2 ILSA X 25,,Concime,,Kg,,,22/3/2020
SOLFATO POTASSICO MAGNES. 30+10 X25,,Concime,,Kg,,,22/3/2020
ISONET L PLUS X 100,"(E,Z)-7,9-Dodecadienyl acetate + (Z)-9-Dodecenyl acetate",Confusione sessuale tignole,12834,N.,,,22/3/2020
RAK 2 MAX (X 252),"miscela di (E,Z)-7,9-dodecadienilacetato e ndodecilacetato puro: 361 mg",Confusione sessuale tignole,15434,N.,Az. Agrivinicola Sylla Sebaste - Tutte - Tutti + RAK 2 MAX (X 252),,22/3/2020
GREEN KELAGREEN FE X 1 FE-DTPA 11%,,Fisiopatie,,Kg,,,22/3/2020
LABICUPER,,Fisiopatie,,l,"Tenute del Vino - La Vite d'Oro - Tirados - Tutti + LABICUPER,Tenute del Vino - La Vite d'Oro - Barolo - Tutti + LABICUPER,Tenute del Vino - Vigneti 360 - Ponti - Tutti + LABICUPER,Cascina Alberta - Tutte - Tutti + LABICUPER,Tenute del Vino - La Vite d'Oro - Tirados - Tutti + LABICUPER,Tenute del Vino - La Vite d'Oro - Barolo - Tutti + LABICUPER,Tenute del Vino - Vigneti 360 - Tutte - Tutti + LABICUPER,Tenute del Vino - La Vite d'Oro - Tirados - Tutti + LABICUPER",,22/3/2020
SEQUESTRENE LIFE 138 FE,,Fisiopatie,,Kg,,,22/3/2020
VITA-MAR,,Fisiopatie,,Kg,,,22/3/2020
CLINIK ST,Glifosate 360 g/l,Infestanti,16787,l,,,22/3/2020
DIRIMAL,"Penoxsulam puro 0,12 g (1,4 g/L) Oryzalin puro 40,47 g (480 g /L)",Infestanti,16952,l,,,22/3/2020
MATSUDA 25 WG,Flazasulfuron  puro g 25 ,Infestanti,16474,N.,,,22/3/2020
ROUNDUP PLATINUM,"Glifosate acido puro 30,8 g (= 360 g/ l)",Infestanti,480G/L14737   ,l,,,22/3/2020
SHAMAL MK PLUS CL,"Glifosate acido puro 30,8 g (= 360 g/ l)",Infestanti,15405,l,,,22/3/2020
SPOTLIGHT PLUS,"Carfentrazone-etile puro g. 6,45 (= 60 g/L)",Infestanti,13466,l,,,22/3/2020
STOMP AQUA,"Pendimetanil, puro g 38,9 (= 455 g/l)",Infestanti,13093,l,,,22/3/2020
TESSIOR,"Boscalid puro  g 0,95 (10 g/L) Piraclostrobin puro g 0,48 (5 g/L)",Mal dell'esca,16789,l,,,22/3/2020
CIDELY,Cyflufenamid,Oidio,15449,l,"Mauro Sebaste - Albese - Tutti + CIDELY,Mauro Sebaste - Roncaglie - Tutti + CIDELY",,22/3/2020
HELIOSOUFRE S ,"Zolfo puro g 51,70 (=700 g/l)",Oidio,11102,l,"Paolo Scavino di Enrico Scavino - Tutte - Tutti + HELIOSOUFRE S ,Paolo Scavino di Enrico Scavino - Tutte - Tutti + HELIOSOUFRE S ,Tenute del Vino - La Vite d'Oro - Tirados - Tutti + HELIOSOUFRE S ,Tenute del Vino - La Vite d'Oro - Barolo - Tutti + HELIOSOUFRE S ,Prunotto / Alba - Tutte - Tutti + HELIOSOUFRE S ,Azienda Agricola Chiarlo S.S / Alba - Tutte - Tutti + HELIOSOUFRE S ,Az. Agrivinicola Sylla Sebaste - Tutte - Tutti + HELIOSOUFRE S ,Ca' Rome' - Tutte - Tutti + HELIOSOUFRE S ,Soc. Coop. Pusabren - Tutte - Tutti + HELIOSOUFRE S ,Paolo Scavino di Enrico Scavino - Tutte - Tutti + HELIOSOUFRE S ,Saracco Pierluigi di Lanata Francesca - Tutte - Tutti + HELIOSOUFRE S ,Cascina Alberta - Tutte - Tutti + HELIOSOUFRE S ,Mauro Sebaste - Albese - Tutti + HELIOSOUFRE S ,Mauro Sebaste - Roncaglie - Tutti + HELIOSOUFRE S ,Mauro Sebaste - Astigiano - Tutti + HELIOSOUFRE S ,Tenute del Vino - La Vite d'Oro - Barolo - Tutti + HELIOSOUFRE S ,Tenute del Vino - La Vite d'Oro - Tirados - Tutti + HELIOSOUFRE S ,Prunotto / Alba - Tutte - Tutti + HELIOSOUFRE S ,Azienda Agricola Chiarlo S.S / Alba - Tutte - Tutti + HELIOSOUFRE S ,Ca' Rome' - Tutte - Tutti + HELIOSOUFRE S ,Az. Agrivinicola Sylla Sebaste - Tutte - Tutti + HELIOSOUFRE S ,Carlin De Paolo - Tutte - Tutti + HELIOSOUFRE S ,Bussia Soprana di Casiraghi Silvano - Tutte - Tutti + HELIOSOUFRE S ,Prunotto / Pian Romualdo - Tutte - Tutti + HELIOSOUFRE S ,Cascina Alberta - Tutte - Tutti + HELIOSOUFRE S ,Mauro Sebaste - Albese - Tutti + HELIOSOUFRE S ,Mauro Sebaste - Roncaglie - Tutti + HELIOSOUFRE S ,Mauro Sebaste - Astigiano - Tutti + HELIOSOUFRE S ,Tenute del Vino - La Vite d'Oro - Tirados - Tutti + HELIOSOUFRE S ,Tenute del Vino - La Vite d'Oro - Barolo - Tutti + HELIOSOUFRE S ,Prunotto / Alba - Tutte - Tutti + HELIOSOUFRE S ,Azienda Agricola Chiarlo S.S / Alba - Tutte - Tutti + HELIOSOUFRE S ,Az. Agrivinicola Sylla Sebaste - Tutte - Tutti + HELIOSOUFRE S ,Ca' Rome' - Tutte - Tutti + HELIOSOUFRE S ,Prunotto / Alba - Tutte - Tutti + HELIOSOUFRE S ,Antinori Soc. Agricola ARL - Tutte - Tutti + HELIOSOUFRE S ,Prunotto / Diano - Tutte - Tutti + HELIOSOUFRE S ,Bussia Soprana di Casiraghi Silvano - Tutte - Tutti + HELIOSOUFRE S ,Cascina Alberta - Tutte - Tutti + HELIOSOUFRE S ,Prunotto / Pian Romualdo - Tutte - Tutti + HELIOSOUFRE S ,Prunotto / Diano - Tutte - Tutti + HELIOSOUFRE S ,Antinori Soc. Agricola ARL - Tutte - Tutti + HELIOSOUFRE S ,Prunotto / Alba - Tutte - Tutti + HELIOSOUFRE S ,Azienda Agricola Chiarlo S.S / Alba - Tutte - Tutti + HELIOSOUFRE S ,Ca' Rome' - Tutte - Tutti + HELIOSOUFRE S ,Az. Agrivinicola Sylla Sebaste - Tutte - Tutti + HELIOSOUFRE S ,Tenute del Vino - La Vite d'Oro - Tirados - Tutti + HELIOSOUFRE S ,Tenute del Vino - La Vite d'Oro - Barolo - Tutti + HELIOSOUFRE S ,Carlin De Paolo - Tutte - Tutti + HELIOSOUFRE S ,Bussia Soprana di Casiraghi Silvano - Tutte - Tutti + HELIOSOUFRE S ,Bussia Soprana di Casiraghi Silvano - Tutte - Tutti + HELIOSOUFRE S ",,22/3/2020
KARATHANE STAR,"Meptyldinocap puro 35,71% (350 g/L)",Oidio,12886,l,"Mauro Sebaste - Albese - Tutti + KARATHANE STAR,Mauro Sebaste - Roncaglie - Tutti + KARATHANE STAR,Bussia Soprana di Casiraghi Silvano - Tutte - Tutti + KARATHANE STAR,Bussia Soprana di Casiraghi Silvano - Tutte - Tutti + KARATHANE STAR",,22/3/2020
MICROTHIOL DISPERSS,Zolfo puro 80%,Oidio,1583,Kg,"Michele Chiarlo SRL - Tutte - Tutti + MICROTHIOL DISPERSS,Azienda Agricola Chiarlo S.S / Asti - Tutte - Tutti + MICROTHIOL DISPERSS,Soc. Coop. Pusabren - Tutte - Tutti + MICROTHIOL DISPERSS,Prunotto / Asti - Tutte - Tutti + MICROTHIOL DISPERSS,Saracco Pierluigi di Lanata Francesca - Tutte - Tutti + MICROTHIOL DISPERSS,Prunotto / Asti - Tutte - Tutti + MICROTHIOL DISPERSS,Michele Chiarlo SRL - Tutte - Tutti + MICROTHIOL DISPERSS,Azienda Agricola Chiarlo S.S / Asti - Tutte - Tutti + MICROTHIOL DISPERSS,Soc. Coop. Pusabren - Tutte - Tutti + MICROTHIOL DISPERSS",,22/3/2020
POLITHIOL,"Olio minerale paraffinico (N. CAS 97862-82-3) g 41,3 (= 400 g/l)",Oidio,11760,l,,,22/3/2020
PROSPER CS 300,Spiroxamina pura (=300 g/l),Oidio,12883,l,"Mauro Sebaste - Albese - Tutti + PROSPER CS 300,Mauro Sebaste - Roncaglie - Tutti + PROSPER CS 300,Azienda Agricola Chiarlo S.S / Alba - Tutte - Tutti + PROSPER CS 300,Soc. Coop. Pusabren - Tutte - Tutti + PROSPER CS 300,Mauro Sebaste - Astigiano - Tutti + PROSPER CS 300,Michele Chiarlo SRL - Tutte - Tutti + PROSPER CS 300,Azienda Agricola Chiarlo S.S / Asti - Tutte - Tutti + PROSPER CS 300,Prunotto / Alba - Tutte - Tutti + PROSPER CS 300,Prunotto / Diano - Tutte - Tutti + PROSPER CS 300,Prunotto / Asti - Tutte - Tutti + PROSPER CS 300,Az. Agrivinicola Sylla Sebaste - Tutte - Tutti + PROSPER CS 300,Ca' Rome' - Tutte - Tutti + PROSPER CS 300,Antinori Soc. Agricola ARL - Tutte - Tutti + PROSPER CS 300,Bussia Soprana di Casiraghi Silvano - Tutte - Tutti + PROSPER CS 300,Carlin De Paolo - Tutte - Tutti + PROSPER CS 300,Prunotto / Pian Romualdo - Tutte - Tutti + PROSPER CS 300,La Cardinala - Merlot e Cabernet - Tutti + PROSPER CS 300,La Cardinala - Chardonnay - Tutti + PROSPER CS 300,La Cardinala - Syrah - Tutti + PROSPER CS 300,Saracco Pierluigi di Lanata Francesca - Tutte - Tutti + PROSPER CS 300,Paolo Scavino di Enrico Scavino - Tutte - Tutti + PROSPER CS 300,Mauro Sebaste - Albese - Tutti + PROSPER CS 300,Mauro Sebaste - Roncaglie - Tutti + PROSPER CS 300,La Cardinala - Merlot e Cabernet - Tutti + PROSPER CS 300,La Cardinala - Chardonnay - Tutti + PROSPER CS 300,La Cardinala - Syrah - Tutti + PROSPER CS 300,Mauro Sebaste - Albese - Tutti + PROSPER CS 300,Mauro Sebaste - Roncaglie - Tutti + PROSPER CS 300,Mauro Sebaste - Astigiano - Tutti + PROSPER CS 300,Prunotto / Alba - Tutte - Tutti + PROSPER CS 300,Azienda Agricola Chiarlo S.S / Alba - Tutte - Tutti + PROSPER CS 300,Ca' Rome' - Tutte - Tutti + PROSPER CS 300,Az. Agrivinicola Sylla Sebaste - Tutte - Tutti + PROSPER CS 300,Prunotto / Diano - Tutte - Tutti + PROSPER CS 300,Antinori Soc. Agricola ARL - Tutte - Tutti + PROSPER CS 300,Bussia Soprana di Casiraghi Silvano - Tutte - Tutti + PROSPER CS 300",,22/3/2020
PROSPER CS 500 ,Spiroxamina pura (=500 g/l),Oidio,15115,l,,,22/3/2020
REBEL TOP,"ciflufenamid 5,10% (= 51,30 g/l)",Oidio,15448,l,,,22/3/2020
SERCADIS,"Fluxapyroxad g 26,5 (300 g/l)",Oidio,16945,N.,"La Cardinala - Merlot e Cabernet - Tutti + SERCADIS,La Cardinala - Chardonnay - Tutti + SERCADIS,La Cardinala - Syrah - Tutti + SERCADIS,Mauro Sebaste - Astigiano - Tutti + SERCADIS,Mauro Sebaste - Albese - Tutti + SERCADIS,Mauro Sebaste - Astigiano - Tutti + SERCADIS,Mauro Sebaste - Roncaglie - Tutti + SERCADIS,Prunotto / Alba - Tutte - Tutti + SERCADIS,Prunotto / Diano - Tutte - Tutti + SERCADIS,Prunotto / Asti - Tutte - Tutti + SERCADIS,Michele Chiarlo SRL - Tutte - Tutti + SERCADIS,Azienda Agricola Chiarlo S.S / Alba - Tutte - Tutti + SERCADIS,Azienda Agricola Chiarlo S.S / Asti - Tutte - Tutti + SERCADIS,Ca' Rome' - Tutte - Tutti + SERCADIS,Az. Agrivinicola Sylla Sebaste - Tutte - Tutti + SERCADIS,Antinori Soc. Agricola ARL - Tutte - Tutti + SERCADIS,Saracco Pierluigi di Lanata Francesca - Tutte - Tutti + SERCADIS,Soc. Coop. Pusabren - Tutte - Tutti + SERCADIS,Carlin De Paolo - Tutte - Tutti + SERCADIS,Bussia Soprana di Casiraghi Silvano - Tutte - Tutti + SERCADIS,Rubbiolo Matteo - Tutte - Tutti + SERCADIS,Prunotto / Pian Romualdo - Tutte - Tutti + SERCADIS,Rubbiolo Matteo - Tutte - Tutti + SERCADIS",,22/3/2020
SONATA,Bacillus pumilus,Oidio,17350,l,,,22/3/2020
TIOWETTING,Zolfo puro 80%,Oidio,9724,Kg,,,22/3/2020
TEBUZOL DISPERS,"Tebuconazolo puro 4,5%+zolfo 70%",Oidio,12696,l,,,22/3/2020
THIOPRON,"Zolfo puro (esente da selenio) g 57,3 (825 g/L)",Oidio,13,l,"L'Alegra / Nocciole - Tutte - Tutti + THIOPRON,Bello Mario / Nocciole - Tutte - Tutti + THIOPRON,Mauro Sebaste - Albese - Tutti + THIOPRON,Mauro Sebaste - Roncaglie - Tutti + THIOPRON,Mauro Sebaste - Astigiano - Tutti + THIOPRON,Prunotto / Alba - Tutte - Tutti + THIOPRON,Prunotto / Diano - Tutte - Tutti + THIOPRON,Prunotto / Asti - Tutte - Tutti + THIOPRON,Prunotto / Pian Romualdo - Tutte - Tutti + THIOPRON,Michele Chiarlo SRL - Tutte - Tutti + THIOPRON,Azienda Agricola Chiarlo S.S / Alba - Tutte - Tutti + THIOPRON,Azienda Agricola Chiarlo S.S / Asti - Tutte - Tutti + THIOPRON,Bussia Soprana di Casiraghi Silvano - Tutte - Tutti + THIOPRON,Az. Agrivinicola Sylla Sebaste - Tutte - Tutti + THIOPRON,Ca' Rome' - Tutte - Tutti + THIOPRON,Soc. Coop. Pusabren - Tutte - Tutti + THIOPRON,Antinori Soc. Agricola ARL - Tutte - Tutti + THIOPRON,La Cardinala - Tutte - Tutti + THIOPRON,Corino - Tutte - Tutti + THIOPRON,Bello Mario / Vite - Tutte - Tutti + THIOPRON,Bruno Gianluca - Tutte - Tutti + THIOPRON,Carlin De Paolo - Tutte - Tutti + THIOPRON,Tenute del Vino - Vigneti 360 - Tutte - Tutti + THIOPRON,Tenute del Vino - La Vite d'Oro - Tutte - Tutti + THIOPRON,Cascina Alberta - Tutte - Tutti + THIOPRON,Tenute del Vino - La Vite d'Oro - Tutte - Tutti + THIOPRON,Tenute del Vino - Vigneti 360 - Tutte - Tutti + THIOPRON,Prunotto / Pian Romualdo - Tutte - Tutti + THIOPRON,Saracco Pierluigi di Lanata Francesca - Tutte - Tutti + THIOPRON,Rubbiolo Matteo - Tutte - Tutti + THIOPRON,L'Alegra / Vite - Tutte - Tutti + THIOPRON,Paolo Scavino di Enrico Scavino - Tutte - Tutti + THIOPRON,Azienda Agricola Chiarlo S.S / Alba - Tutte - Tutti + THIOPRON,Prunotto / Alba - Tutte - Tutti + THIOPRON,Tenute del Vino - La Vite d'Oro - Barolo - Tutti + THIOPRON,Soc. Coop. Pusabren - Tutte - Tutti + THIOPRON,Mauro Sebaste - Astigiano - Tutti + THIOPRON,Michele Chiarlo SRL - Tutte - Tutti + THIOPRON,Azienda Agricola Chiarlo S.S / Asti - Tutte - Tutti + THIOPRON,Prunotto / Alba - Tutte - Tutti + THIOPRON,Prunotto / Diano - Tutte - Tutti + THIOPRON,Prunotto / Pian Romualdo - Tutte - Tutti + THIOPRON,Az. Agrivinicola Sylla Sebaste - Tutte - Tutti + THIOPRON,Ca' Rome' - Tutte - Tutti + THIOPRON,Prunotto / Asti - Tutte - Tutti + THIOPRON,Antinori Soc. Agricola ARL - Tutte - Tutti + THIOPRON,Carlin De Paolo - Tutte - Tutti + THIOPRON,Bussia Soprana di Casiraghi Silvano - Tutte - Tutti + THIOPRON,La Cardinala - Tutte - Tutti + THIOPRON,Tenute del Vino - La Vite d'Oro - Tirados - Tutti + THIOPRON,Guido Berta - Tutte - Tutti + THIOPRON,Guido Berta - Tutte - Tutti + THIOPRON,Broccardo SS - Tutte - Tutti + THIOPRON,Cascina Alberta - Tutte - Tutti + THIOPRON,Rubbiolo Matteo - Tutte - Tutti + THIOPRON,L'Alegra / Vite - Tutte - Tutti + THIOPRON,Tenute del Vino - La Vite d'Oro - Barolo - Tutti + THIOPRON,Saracco Pierluigi di Lanata Francesca - Tutte - Tutti + THIOPRON,Tenute del Vino - Vigneti 360 - Ponti - Tutti + THIOPRON,Tenute del Vino - Vigneti 360 - Ponti - Tutti + THIOPRON,Tenute del Vino - Vigneti 360 - Tutte - Tutti + THIOPRON,Mauro Sebaste - Albese - Tutti + THIOPRON,Mauro Sebaste - Roncaglie - Tutti + THIOPRON,Paolo Scavino di Enrico Scavino - Tutte - Tutti + THIOPRON,Broccardo SS - Tutte - Tutti + THIOPRON,Cascina Alberta - Tutte - Tutti + THIOPRON,Tenute del Vino - La Vite d'Oro - Tirados - Tutti + THIOPRON,La Cardinala - Pinot nero - Tutti + THIOPRON,L'Alegra / Vite - Tutte - Tutti + THIOPRON,Tenute del Vino - La Vite d'Oro - Barolo - Tutti + THIOPRON,Tenute del Vino - Vigneti 360 - Tutte - Tutti + THIOPRON,Soc. Coop. Pusabren - Tutte - Tutti + THIOPRON,Tenute del Vino - La Vite d'Oro - Barolo - Tutti + THIOPRON,Cascina Alberta - Tutte - Tutti + THIOPRON,L'Alegra / Vite - Tutte - Tutti + THIOPRON,Tenute del Vino - Vigneti 360 - Ponti - Tutti + THIOPRON,Prunotto / Asti - Tutte - Tutti + THIOPRON,Michele Chiarlo SRL - Tutte - Tutti + THIOPRON,Azienda Agricola Chiarlo S.S / Asti - Tutte - Tutti + THIOPRON,Azienda Agricola Chiarlo S.S / Alba - Tutte - Tutti + THIOPRON,Prunotto / Alba - Tutte - Tutti + THIOPRON,Prunotto / Diano - Tutte - Tutti + THIOPRON,Prunotto / Pian Romualdo - Tutte - Tutti + THIOPRON,Ca' Rome' - Tutte - Tutti + THIOPRON,Antinori Soc. Agricola ARL - Tutte - Tutti + THIOPRON,Az. Agrivinicola Sylla Sebaste - Tutte - Tutti + THIOPRON,Paolo Scavino di Enrico Scavino - Tutte - Tutti + THIOPRON,Carlin De Paolo - Tutte - Tutti + THIOPRON,Mauro Sebaste - Astigiano - Tutti + THIOPRON,Bussia Soprana di Casiraghi Silvano - Tutte - Tutti + THIOPRON,Tenute del Vino - La Vite d'Oro - Tirados - Tutti + THIOPRON,Prunotto / Pian Romualdo - Tutte - Tutti + THIOPRON,Rubbiolo Matteo - Tutte - Tutti + THIOPRON,Saracco Pierluigi di Lanata Francesca - Tutte - Tutti + THIOPRON,La Cardinala - Pinot nero - Tutti + THIOPRON,Cascina Alberta - Tutte - Tutti + THIOPRON,Cascina Alberta - Tutte - Tutti + THIOPRON,Mauro Sebaste - Albese - Tutti + THIOPRON,Mauro Sebaste - Roncaglie - Tutti + THIOPRON,Mauro Sebaste - Astigiano - Tutti + THIOPRON,Tenute del Vino - La Vite d'Oro - Tirados - Tutti + THIOPRON,Tenute del Vino - La Vite d'Oro - Barolo - Tutti + THIOPRON,L'Alegra / Vite - Tutte - Tutti + THIOPRON,Tenute del Vino - Vigneti 360 - Ponti - Tutti + THIOPRON,Paolo Scavino di Enrico Scavino - Tutte - Tutti + THIOPRON,La Cardinala - Pinot nero - Tutti + THIOPRON,La Cardinala - Merlot e Cabernet - Tutti + THIOPRON,La Cardinala - Chardonnay - Tutti + THIOPRON,La Cardinala - Syrah - Tutti + THIOPRON,Prunotto / Alba - Tutte - Tutti + THIOPRON,Prunotto / Diano - Tutte - Tutti + THIOPRON,Prunotto / Asti - Tutte - Tutti + THIOPRON,Michele Chiarlo SRL - Tutte - Tutti + THIOPRON,Azienda Agricola Chiarlo S.S / Alba - Tutte - Tutti + THIOPRON,Azienda Agricola Chiarlo S.S / Asti - Tutte - Tutti + THIOPRON,Az. Agrivinicola Sylla Sebaste - Tutte - Tutti + THIOPRON,Ca' Rome' - Tutte - Tutti + THIOPRON,Soc. Coop. Pusabren - Tutte - Tutti + THIOPRON,Antinori Soc. Agricola ARL - Tutte - Tutti + THIOPRON,Carlin De Paolo - Tutte - Tutti + THIOPRON,Prunotto / Pian Romualdo - Tutte - Tutti + THIOPRON,Rubbiolo Matteo - Tutte - Tutti + THIOPRON,Bussia Soprana di Casiraghi Silvano - Tutte - Tutti + THIOPRON,Carlin De Paolo - Tutte - Tutti + THIOPRON,Cascina Alberta - Tutte - Tutti + THIOPRON,Saracco Pierluigi di Lanata Francesca - Tutte - Tutti + THIOPRON,L'Alegra / Vite - Tutte - Tutti + THIOPRON,Tenute del Vino - La Vite d'Oro - Tirados - Tutti + THIOPRON,Tenute del Vino - La Vite d'Oro - Barolo - Tutti + THIOPRON,Tenute del Vino - Vigneti 360 - Tutte - Tutti + THIOPRON,Cascina Alberta - Tutte - Tutti + THIOPRON,Tenute del Vino - La Vite d'Oro - Barolo - Tutti + THIOPRON,Tenute del Vino - La Vite d'Oro - Tirados - Tutti + THIOPRON,L'Alegra / Vite - Tutte - Tutti + THIOPRON,La Cardinala - Pinot nero - Tutti + THIOPRON,La Cardinala - Merlot e Cabernet - Tutti + THIOPRON,La Cardinala - Chardonnay - Tutti + THIOPRON,La Cardinala - Syrah - Tutti + THIOPRON,Mauro Sebaste - Astigiano - Tutti + THIOPRON,Mauro Sebaste - Albese - Tutti + THIOPRON,Mauro Sebaste - Astigiano - Tutti + THIOPRON,Mauro Sebaste - Roncaglie - Tutti + THIOPRON,Paolo Scavino di Enrico Scavino - Tutte - Tutti + THIOPRON,Tenute del Vino - Vigneti 360 - Ponti - Tutti + THIOPRON,Prunotto / Alba - Tutte - Tutti + THIOPRON,Prunotto / Diano - Tutte - Tutti + THIOPRON,Prunotto / Asti - Tutte - Tutti + THIOPRON,Michele Chiarlo SRL - Tutte - Tutti + THIOPRON,Azienda Agricola Chiarlo S.S / Alba - Tutte - Tutti + THIOPRON,Azienda Agricola Chiarlo S.S / Asti - Tutte - Tutti + THIOPRON,Ca' Rome' - Tutte - Tutti + THIOPRON,Az. Agrivinicola Sylla Sebaste - Tutte - Tutti + THIOPRON,Antinori Soc. Agricola ARL - Tutte - Tutti + THIOPRON,Saracco Pierluigi di Lanata Francesca - Tutte - Tutti + THIOPRON,Soc. Coop. Pusabren - Tutte - Tutti + THIOPRON,Carlin De Paolo - Tutte - Tutti + THIOPRON,Bussia Soprana di Casiraghi Silvano - Tutte - Tutti + THIOPRON,Rubbiolo Matteo - Tutte - Tutti + THIOPRON,Prunotto / Pian Romualdo - Tutte - Tutti + THIOPRON,L'Alegra / Vite - Tutte - Tutti + THIOPRON,L'Alegra / Vite - Tutte - Tutti + THIOPRON,Tenute del Vino - La Vite d'Oro - Barolo - Tutti + THIOPRON,Tenute del Vino - La Vite d'Oro - Tirados - Tutti + THIOPRON,Tenute del Vino - Vigneti 360 - Ponti - Tutti + THIOPRON,Mauro Sebaste - Albese - Tutti + THIOPRON,Mauro Sebaste - Roncaglie - Tutti + THIOPRON,Mauro Sebaste - Astigiano - Tutti + THIOPRON,Prunotto / Diano - Tutte - Tutti + THIOPRON,Antinori Soc. Agricola ARL - Tutte - Tutti + THIOPRON,Cascina Alberta - Tutte - Tutti + THIOPRON,Prunotto / Pian Romualdo - Tutte - Tutti + THIOPRON,Carlin De Paolo - Tutte - Tutti + THIOPRON,Soc. Coop. Pusabren - Tutte - Tutti + THIOPRON,Michele Chiarlo SRL - Tutte - Tutti + THIOPRON,Azienda Agricola Chiarlo S.S / Asti - Tutte - Tutti + THIOPRON,Prunotto / Asti - Tutte - Tutti + THIOPRON,Prunotto / Alba - Tutte - Tutti + THIOPRON,Azienda Agricola Chiarlo S.S / Alba - Tutte - Tutti + THIOPRON,Az. Agrivinicola Sylla Sebaste - Tutte - Tutti + THIOPRON,Ca' Rome' - Tutte - Tutti + THIOPRON,Saracco Pierluigi di Lanata Francesca - Tutte - Tutti + THIOPRON,Bussia Soprana di Casiraghi Silvano - Tutte - Tutti + THIOPRON,Bussia Soprana di Casiraghi Silvano - Tutte - Tutti + THIOPRON,Tenute del Vino - Vigneti 360 - Ponti - Tutti + THIOPRON,Tenute del Vino - La Vite d'Oro - Tirados - Tutti + THIOPRON,Tenute del Vino - La Vite d'Oro - Barolo - Tutti + THIOPRON,Tenute del Vino - La Vite d'Oro - Barolo - Tutti + THIOPRON,L'Alegra / Vite - Tutte - Tutti + THIOPRON,Rubbiolo Matteo - Tutte - Tutti + THIOPRON,Cascina Alberta - Tutte - Tutti + THIOPRON,Mauro Sebaste - Albese - Tutti + THIOPRON,Mauro Sebaste - Roncaglie - Tutti + THIOPRON,Mauro Sebaste - Astigiano - Tutti + THIOPRON,L'Alegra / Vite - Tutte - Tutti + THIOPRON,Carlin De Paolo - Tutte - Tutti + THIOPRON,Bussia Soprana di Casiraghi Silvano - Tutte - Tutti + THIOPRON,Prunotto / Asti - Tutte - Tutti + THIOPRON,Michele Chiarlo SRL - Tutte - Tutti + THIOPRON,Azienda Agricola Chiarlo S.S / Asti - Tutte - Tutti + THIOPRON,Prunotto / Diano - Tutte - Tutti + THIOPRON,Antinori Soc. Agricola ARL - Tutte - Tutti + THIOPRON,Prunotto / Pian Romualdo - Tutte - Tutti + THIOPRON,Rubbiolo Matteo - Tutte - Tutti + THIOPRON,Rubbiolo Matteo - Tutte - Tutti + THIOPRON,L'Alegra / Vite - Tutte - Tutti + THIOPRON,Tenute del Vino - Vigneti 360 - Ponti - Tutti + THIOPRON,Prunotto / Diano - Tutte - Tutti + THIOPRON,Antinori Soc. Agricola ARL - Tutte - Tutti + THIOPRON,Rubbiolo Matteo - Tutte - Tutti + THIOPRON,L'Alegra / Vite - Tutte - Tutti + THIOPRON,Tenute del Vino - Vigneti 360 - Ponti - Tutti + THIOPRON,L'Alegra / Vite - Tutte - Tutti + THIOPRON,Rubbiolo Matteo - Tutte - Tutti + THIOPRON,Carlin De Paolo - Tutte - Tutti + THIOPRON,Rubbiolo Matteo - Tutte - Tutti + THIOPRON",,22/3/2020
TOPAS COMBI,"Penconazolo 1,25% +Zolfo 33,30%",Oidio,16101,l,,,22/3/2020
VIVANDO,"Metrafenone puro g 42,37 (500 g/l)",Oidio,13698,l,,,22/3/2020
VELIERO 500 EC,Spiroxamina 500 g/l,Oidio,16460,l,,,22/3/2020
ZOLFO MANICA SCORREVOLE,Zolfo puro 95%,Oidio,13205,Kg,"Cascina Alberta - Tutte - Tutti + ZOLFO MANICA SCORREVOLE,Prunotto / Alba - Tutte - Tutti + ZOLFO MANICA SCORREVOLE,Azienda Agricola Chiarlo S.S / Alba - Tutte - Tutti + ZOLFO MANICA SCORREVOLE,Ca' Rome' - Tutte - Tutti + ZOLFO MANICA SCORREVOLE,Az. Agrivinicola Sylla Sebaste - Tutte - Tutti + ZOLFO MANICA SCORREVOLE,Prunotto / Diano - Tutte - Tutti + ZOLFO MANICA SCORREVOLE,Antinori Soc. Agricola ARL - Tutte - Tutti + ZOLFO MANICA SCORREVOLE,Prunotto / Pian Romualdo - Tutte - Tutti + ZOLFO MANICA SCORREVOLE,Tenute del Vino - Vigneti 360 - Ponti - Tutti + ZOLFO MANICA SCORREVOLE,Tenute del Vino - La Vite d'Oro - Tirados - Tutti + ZOLFO MANICA SCORREVOLE,Tenute del Vino - La Vite d'Oro - Barolo - Tutti + ZOLFO MANICA SCORREVOLE,Cascina Alberta - Tutte - Tutti + ZOLFO MANICA SCORREVOLE,Bussia Soprana di Casiraghi Silvano - Tutte - Tutti + ZOLFO MANICA SCORREVOLE,Azienda Agricola Chiarlo S.S / Alba - Tutte - Tutti + ZOLFO MANICA SCORREVOLE,Az. Agrivinicola Sylla Sebaste - Tutte - Tutti + ZOLFO MANICA SCORREVOLE,Ca' Rome' - Tutte - Tutti + ZOLFO MANICA SCORREVOLE,Prunotto / Diano - Tutte - Tutti + ZOLFO MANICA SCORREVOLE,Prunotto / Pian Romualdo - Tutte - Tutti + ZOLFO MANICA SCORREVOLE,Antinori Soc. Agricola ARL - Tutte - Tutti + ZOLFO MANICA SCORREVOLE",,22/3/2020
ZOLFO ZOLFINDUS.SCORR,Zolfo puro 95%,Oidio,13211,Kg,,,22/3/2020
AMPEXIO,Mandipropamide g 25 + Zoxamide g 24,Peronospora,16248,l,,,22/3/2020
BORDOFLOW NEW,Rame metallo g.10 (=124 g/l),Peronospora,14102,l,"Mauro Sebaste - Albese - Tutti + BORDOFLOW NEW,Mauro Sebaste - Roncaglie - Tutti + BORDOFLOW NEW,Mauro Sebaste - Astigiano - Tutti + BORDOFLOW NEW,Paolo Scavino di Enrico Scavino - Tutte - Tutti + BORDOFLOW NEW,Prunotto / Diano - Tutte - Tutti + BORDOFLOW NEW,Antinori Soc. Agricola ARL - Tutte - Tutti + BORDOFLOW NEW,Cascina Alberta - Tutte - Tutti + BORDOFLOW NEW,Prunotto / Pian Romualdo - Tutte - Tutti + BORDOFLOW NEW,Carlin De Paolo - Tutte - Tutti + BORDOFLOW NEW,Soc. Coop. Pusabren - Tutte - Tutti + BORDOFLOW NEW,Michele Chiarlo SRL - Tutte - Tutti + BORDOFLOW NEW,Azienda Agricola Chiarlo S.S / Asti - Tutte - Tutti + BORDOFLOW NEW,Prunotto / Asti - Tutte - Tutti + BORDOFLOW NEW,Prunotto / Alba - Tutte - Tutti + BORDOFLOW NEW,Azienda Agricola Chiarlo S.S / Alba - Tutte - Tutti + BORDOFLOW NEW,Az. Agrivinicola Sylla Sebaste - Tutte - Tutti + BORDOFLOW NEW,Ca' Rome' - Tutte - Tutti + BORDOFLOW NEW,Saracco Pierluigi di Lanata Francesca - Tutte - Tutti + BORDOFLOW NEW,Tenute del Vino - Vigneti 360 - Ponti - Tutti + BORDOFLOW NEW,Tenute del Vino - La Vite d'Oro - Tirados - Tutti + BORDOFLOW NEW,Tenute del Vino - La Vite d'Oro - Tirados - Tutti + BORDOFLOW NEW,Tenute del Vino - La Vite d'Oro - Barolo - Tutti + BORDOFLOW NEW,Tenute del Vino - La Vite d'Oro - Barolo - Tutti + BORDOFLOW NEW,Paolo Scavino di Enrico Scavino - Tutte - Tutti + BORDOFLOW NEW,Mauro Sebaste - Albese - Tutti + BORDOFLOW NEW,Mauro Sebaste - Roncaglie - Tutti + BORDOFLOW NEW,Mauro Sebaste - Astigiano - Tutti + BORDOFLOW NEW,Carlin De Paolo - Tutte - Tutti + BORDOFLOW NEW,Prunotto / Alba - Tutte - Tutti + BORDOFLOW NEW,Azienda Agricola Chiarlo S.S / Alba - Tutte - Tutti + BORDOFLOW NEW,Az. Agrivinicola Sylla Sebaste - Tutte - Tutti + BORDOFLOW NEW,Ca' Rome' - Tutte - Tutti + BORDOFLOW NEW,Soc. Coop. Pusabren - Tutte - Tutti + BORDOFLOW NEW,Prunotto / Asti - Tutte - Tutti + BORDOFLOW NEW,Michele Chiarlo SRL - Tutte - Tutti + BORDOFLOW NEW,Azienda Agricola Chiarlo S.S / Asti - Tutte - Tutti + BORDOFLOW NEW,Prunotto / Diano - Tutte - Tutti + BORDOFLOW NEW,Antinori Soc. Agricola ARL - Tutte - Tutti + BORDOFLOW NEW,Prunotto / Pian Romualdo - Tutte - Tutti + BORDOFLOW NEW,Rubbiolo Matteo - Tutte - Tutti + BORDOFLOW NEW,Saracco Pierluigi di Lanata Francesca - Tutte - Tutti + BORDOFLOW NEW,Cascina Alberta - Tutte - Tutti + BORDOFLOW NEW,Mauro Sebaste - Albese - Tutti + BORDOFLOW NEW,Mauro Sebaste - Roncaglie - Tutti + BORDOFLOW NEW,Mauro Sebaste - Astigiano - Tutti + BORDOFLOW NEW,Tenute del Vino - Vigneti 360 - Ponti - Tutti + BORDOFLOW NEW,Tenute del Vino - La Vite d'Oro - Barolo - Tutti + BORDOFLOW NEW,Tenute del Vino - La Vite d'Oro - Tirados - Tutti + BORDOFLOW NEW,Prunotto / Alba - Tutte - Tutti + BORDOFLOW NEW,Azienda Agricola Chiarlo S.S / Alba - Tutte - Tutti + BORDOFLOW NEW,Ca' Rome' - Tutte - Tutti + BORDOFLOW NEW,Az. Agrivinicola Sylla Sebaste - Tutte - Tutti + BORDOFLOW NEW,Carlin De Paolo - Tutte - Tutti + BORDOFLOW NEW,Prunotto / Diano - Tutte - Tutti + BORDOFLOW NEW,Antinori Soc. Agricola ARL - Tutte - Tutti + BORDOFLOW NEW,Prunotto / Diano - Tutte - Tutti + BORDOFLOW NEW,Prunotto / Pian Romualdo - Tutte - Tutti + BORDOFLOW NEW,Prunotto / Pian Romualdo - Tutte - Tutti + BORDOFLOW NEW,Mauro Sebaste - Albese - Tutti + BORDOFLOW NEW,Mauro Sebaste - Roncaglie - Tutti + BORDOFLOW NEW,Mauro Sebaste - Astigiano - Tutti + BORDOFLOW NEW,Tenute del Vino - La Vite d'Oro - Tirados - Tutti + BORDOFLOW NEW,Tenute del Vino - La Vite d'Oro - Barolo - Tutti + BORDOFLOW NEW,Prunotto / Alba - Tutte - Tutti + BORDOFLOW NEW,Azienda Agricola Chiarlo S.S / Alba - Tutte - Tutti + BORDOFLOW NEW,Az. Agrivinicola Sylla Sebaste - Tutte - Tutti + BORDOFLOW NEW,Ca' Rome' - Tutte - Tutti + BORDOFLOW NEW,Tenute del Vino - Vigneti 360 - Ponti - Tutti + BORDOFLOW NEW,Tenute del Vino - Vigneti 360 - Ponti - Tutti + BORDOFLOW NEW,Prunotto / Diano - Tutte - Tutti + BORDOFLOW NEW,Antinori Soc. Agricola ARL - Tutte - Tutti + BORDOFLOW NEW,Cascina Alberta - Tutte - Tutti + BORDOFLOW NEW,Prunotto / Pian Romualdo - Tutte - Tutti + BORDOFLOW NEW,Prunotto / Diano - Tutte - Tutti + BORDOFLOW NEW,Antinori Soc. Agricola ARL - Tutte - Tutti + BORDOFLOW NEW,Prunotto / Alba - Tutte - Tutti + BORDOFLOW NEW,Prunotto / Alba - Tutte - Tutti + BORDOFLOW NEW,Azienda Agricola Chiarlo S.S / Alba - Tutte - Tutti + BORDOFLOW NEW,Ca' Rome' - Tutte - Tutti + BORDOFLOW NEW,Az. Agrivinicola Sylla Sebaste - Tutte - Tutti + BORDOFLOW NEW,Tenute del Vino - La Vite d'Oro - Tirados - Tutti + BORDOFLOW NEW,Tenute del Vino - La Vite d'Oro - Barolo - Tutti + BORDOFLOW NEW,Carlin De Paolo - Tutte - Tutti + BORDOFLOW NEW,Carlin De Paolo - Tutte - Tutti + BORDOFLOW NEW,Carlin De Paolo - Tutte - Tutti + BORDOFLOW NEW,Prunotto / Asti - Agliano  - Tutti + BORDOFLOW NEW,Michele Chiarlo SRL - Tutte - Tutti + BORDOFLOW NEW,Prunotto / Alba - Tutte - Tutti + BORDOFLOW NEW,Azienda Agricola Chiarlo S.S / Alba - Tutte - Tutti + BORDOFLOW NEW,Ca' Rome' - Tutte - Tutti + BORDOFLOW NEW,Az. Agrivinicola Sylla Sebaste - Tutte - Tutti + BORDOFLOW NEW,Prunotto / Diano - Tutte - Tutti + BORDOFLOW NEW,Antinori Soc. Agricola ARL - Tutte - Tutti + BORDOFLOW NEW,Cascina Alberta - Tutte - Tutti + BORDOFLOW NEW",,22/3/2020
COSAVET DF EDGE,Zolfo puro 80%,Peronospora,15149,Kg,,,22/3/2020
CUPRAVIT BIOADVANCED WG30,Rame Solfato Tribasico 30%,Peronospora,16842,Kg,,,22/3/2020
CRITTOVIT,Zolfo puro 80%,Peronospora,11497,Kg,,,22/3/2020
ENERVIN PRO (TWIN PACK X 2 HA) ,Ametocradina 200 g/l + Fosfonato di Potassio  755 g/l,Peronospora,15008-15264,N.,,,22/3/2020
ENERVIN PRO 1 HA ,Ametocradina 200 g/l + Fosfonato di Potassio  755 g/l,Peronospora,15008-15264,N.,,,22/3/2020
ENERVIN TOP ,Ametocradina 12% + Metiram 44%,Peronospora,14812,Kg,,,22/3/2020
FLOWBRIX NC ,"Ossicloruro tetraramico g 25,42 (=380 g/l)",Peronospora,12504,l,,,22/3/2020
FOLPEC,Folpet 80%,Peronospora,13485,Kg,,,22/3/2020
FORUM MZ,"Dimetomorf puro g 9 Mancozeb, puro g 60",Peronospora,10329,Kg,,,22/3/2020
FORUM R,"Dimetomorf, puro g 6 Rame metallo (da ossicloruro) g 40",Peronospora,8731,Kg,,,22/3/2020
HELIOCUIVRE S,"Rame metallo (come idrossidodi Cu) g 19.94 (= 266,4 g/l)",Peronospora,13521,l,L'Alegra / Vite - Tutte - Tutti + HELIOCUIVRE S,,22/3/2020
HELIOCUIVRE,"Rame metallo (come idrossido di Cu) g 26,2 (=400 g/l)",Peronospora,12170,l,"Tenute del Vino - Vigneti 360 - Tutte - Tutti + HELIOCUIVRE,Tenute del Vino - La Vite d'Oro - Tutte - Tutti + HELIOCUIVRE,Cascina Alberta - Tutte - Tutti + HELIOCUIVRE,Tenute del Vino - La Vite d'Oro - Tutte - Tutti + HELIOCUIVRE,Tenute del Vino - Vigneti 360 - Tutte - Tutti + HELIOCUIVRE,L'Alegra / Vite - Tutte - Tutti + HELIOCUIVRE,Tenute del Vino - La Vite d'Oro - Barolo - Tutti + HELIOCUIVRE,Tenute del Vino - La Vite d'Oro - Tirados - Tutti + HELIOCUIVRE,L'Alegra / Vite - Tutte - Tutti + HELIOCUIVRE,Tenute del Vino - La Vite d'Oro - Barolo - Tutti + HELIOCUIVRE,Tenute del Vino - Vigneti 360 - Ponti - Tutti + HELIOCUIVRE,Tenute del Vino - Vigneti 360 - Ponti - Tutti + HELIOCUIVRE,Cascina Alberta - Tutte - Tutti + HELIOCUIVRE,Tenute del Vino - La Vite d'Oro - Tirados - Tutti + HELIOCUIVRE,L'Alegra / Vite - Tutte - Tutti + HELIOCUIVRE,Tenute del Vino - La Vite d'Oro - Barolo - Tutti + HELIOCUIVRE,Tenute del Vino - Vigneti 360 - Tutte - Tutti + HELIOCUIVRE,Tenute del Vino - La Vite d'Oro - Barolo - Tutti + HELIOCUIVRE,Cascina Alberta - Tutte - Tutti + HELIOCUIVRE,Cascina Alberta - Tutte - Tutti + HELIOCUIVRE,Tenute del Vino - Vigneti 360 - Ponti - Tutti + HELIOCUIVRE,Tenute del Vino - Vigneti 360 - Ponti - Tutti + HELIOCUIVRE,Tenute del Vino - La Vite d'Oro - Tirados - Tutti + HELIOCUIVRE,Cascina Alberta - Tutte - Tutti + HELIOCUIVRE,Tenute del Vino - La Vite d'Oro - Tirados - Tutti + HELIOCUIVRE,Tenute del Vino - La Vite d'Oro - Barolo - Tutti + HELIOCUIVRE,L'Alegra / Vite - Tutte - Tutti + HELIOCUIVRE,Tenute del Vino - Vigneti 360 - Ponti - Tutti + HELIOCUIVRE,Cascina Alberta - Tutte - Tutti + HELIOCUIVRE,L'Alegra / Vite - Tutte - Tutti + HELIOCUIVRE,Tenute del Vino - La Vite d'Oro - Tirados - Tutti + HELIOCUIVRE,Tenute del Vino - La Vite d'Oro - Barolo - Tutti + HELIOCUIVRE,Tenute del Vino - Vigneti 360 - Tutte - Tutti + HELIOCUIVRE,Cascina Alberta - Tutte - Tutti + HELIOCUIVRE,Tenute del Vino - Vigneti 360 - Ponti - Tutti + HELIOCUIVRE,Tenute del Vino - Vigneti 360 - Ponti - Tutti + HELIOCUIVRE,Cascina Alberta - Tutte - Tutti + HELIOCUIVRE,Cascina Alberta - Tutte - Tutti + HELIOCUIVRE",,22/3/2020
IDROX 20 WG ,Idrossido di rame 20%,Peronospora,16205,Kg,,,22/3/2020
KOCIDE OPTI   ,Idrossido di rame 30%,Peronospora,14686,Kg,,,22/3/2020
MILDICUT,"Cyazofamid g 2,03 (=25 g/l) - Fosfonato di disodio g 20,32 (=25 g/l)",Peronospora,12453,l,,,22/3/2020
OSSICLOR 30,Ossicloruro al 30%,Peronospora,9612,Kg,,,22/3/2020
PASTA SIAPA,"Ossicloruro tetraramico g 25,42 (=377,5 g/l)",Peronospora,12780,l,,,22/3/2020
PENCOZEB DG,Mancozeb 75%,Peronospora,4189,Kg,,,22/3/2020
PERGADO F,Mandipropamid 5% + Folpet 40%,Peronospora,13637,Kg,"Mauro Sebaste - Albese - Tutti + PERGADO F,Mauro Sebaste - Roncaglie - Tutti + PERGADO F,Azienda Agricola Chiarlo S.S / Alba - Cerequio - Tutti + PERGADO F,Azienda Agricola Chiarlo S.S / Alba - Tutte - Tutti + PERGADO F,Soc. Coop. Pusabren - Tutte - Tutti + PERGADO F,Mauro Sebaste - Albese - Tutti + PERGADO F,Mauro Sebaste - Roncaglie - Tutti + PERGADO F,Mauro Sebaste - Astigiano - Tutti + PERGADO F,Paolo Scavino di Enrico Scavino - Tutte - Tutti + PERGADO F,Michele Chiarlo SRL - Tutte - Tutti + PERGADO F,Azienda Agricola Chiarlo S.S / Asti - Tutte - Tutti + PERGADO F,Prunotto / Alba - Tutte - Tutti + PERGADO F,Prunotto / Diano - Tutte - Tutti + PERGADO F,Prunotto / Asti - Tutte - Tutti + PERGADO F,Az. Agrivinicola Sylla Sebaste - Tutte - Tutti + PERGADO F,Ca' Rome' - Tutte - Tutti + PERGADO F,Antinori Soc. Agricola ARL - Tutte - Tutti + PERGADO F,Bussia Soprana di Casiraghi Silvano - Tutte - Tutti + PERGADO F,Bussia Soprana di Casiraghi Silvano - Tutte - Tutti + PERGADO F,Carlin De Paolo - Tutte - Tutti + PERGADO F,Prunotto / Pian Romualdo - Tutte - Tutti + PERGADO F,La Cardinala - Merlot e Cabernet - Tutti + PERGADO F,La Cardinala - Chardonnay - Tutti + PERGADO F,La Cardinala - Syrah - Tutti + PERGADO F,Rubbiolo Matteo - Tutte - Tutti + PERGADO F,Saracco Pierluigi di Lanata Francesca - Tutte - Tutti + PERGADO F,Soc. Coop. Pusabren - Tutte - Tutti + PERGADO F,Prunotto / Asti - Tutte - Tutti + PERGADO F,Michele Chiarlo SRL - Tutte - Tutti + PERGADO F,Azienda Agricola Chiarlo S.S / Asti - Tutte - Tutti + PERGADO F,Azienda Agricola Chiarlo S.S / Alba - Tutte - Tutti + PERGADO F,Prunotto / Alba - Tutte - Tutti + PERGADO F,Prunotto / Diano - Tutte - Tutti + PERGADO F,Prunotto / Pian Romualdo - Tutte - Tutti + PERGADO F,Ca' Rome' - Tutte - Tutti + PERGADO F,Antinori Soc. Agricola ARL - Tutte - Tutti + PERGADO F,Az. Agrivinicola Sylla Sebaste - Tutte - Tutti + PERGADO F,Paolo Scavino di Enrico Scavino - Tutte - Tutti + PERGADO F,Carlin De Paolo - Tutte - Tutti + PERGADO F,Mauro Sebaste - Albese - Tutti + PERGADO F,Mauro Sebaste - Roncaglie - Tutti + PERGADO F,Mauro Sebaste - Astigiano - Tutti + PERGADO F,Bussia Soprana di Casiraghi Silvano - Tutte - Tutti + PERGADO F,Prunotto / Pian Romualdo - Tutte - Tutti + PERGADO F,Rubbiolo Matteo - Tutte - Tutti + PERGADO F,Saracco Pierluigi di Lanata Francesca - Tutte - Tutti + PERGADO F,La Cardinala - Merlot e Cabernet - Tutti + PERGADO F,La Cardinala - Chardonnay - Tutti + PERGADO F,La Cardinala - Syrah - Tutti + PERGADO F,Prunotto / Pian Romualdo - Tutte - Tutti + PERGADO F,Rubbiolo Matteo - Tutte - Tutti + PERGADO F,La Cardinala - Merlot e Cabernet - Tutti + PERGADO F,La Cardinala - Chardonnay - Tutti + PERGADO F,La Cardinala - Syrah - Tutti + PERGADO F,Mauro Sebaste - Astigiano - Tutti + PERGADO F",,22/3/2020
PERGADO MZ WG ,Mandipropamid 5% + Mancozeb 60%,Peronospora,13742,Kg,,,22/3/2020
POLTIGLIA BORD DISPERS X15,Rame metallo g 20 (sotto forma di solfato neutralizzato con calce idrossido),Peronospora,12096,Kg,"Tenute del Vino - Vigneti 360 - Tutte - Tutti + POLTIGLIA BORD DISPERS X15,Rubbiolo Matteo - Tutte - Tutti + POLTIGLIA BORD DISPERS X15,Paolo Scavino di Enrico Scavino - Tutte - Tutti + POLTIGLIA BORD DISPERS X15,Rubbiolo Matteo - Tutte - Tutti + POLTIGLIA BORD DISPERS X15,Michele Chiarlo SRL - Tutte - Tutti + POLTIGLIA BORD DISPERS X15,Azienda Agricola Chiarlo S.S / Asti - Tutte - Tutti + POLTIGLIA BORD DISPERS X15,Soc. Coop. Pusabren - Tutte - Tutti + POLTIGLIA BORD DISPERS X15,Prunotto / Asti - Tutte - Tutti + POLTIGLIA BORD DISPERS X15,Saracco Pierluigi di Lanata Francesca - Tutte - Tutti + POLTIGLIA BORD DISPERS X15,Rubbiolo Matteo - Tutte - Tutti + POLTIGLIA BORD DISPERS X15,Prunotto / Asti - Tutte - Tutti + POLTIGLIA BORD DISPERS X15,Michele Chiarlo SRL - Tutte - Tutti + POLTIGLIA BORD DISPERS X15,Azienda Agricola Chiarlo S.S / Asti - Tutte - Tutti + POLTIGLIA BORD DISPERS X15,Soc. Coop. Pusabren - Tutte - Tutti + POLTIGLIA BORD DISPERS X15,Rubbiolo Matteo - Tutte - Tutti + POLTIGLIA BORD DISPERS X15,Rubbiolo Matteo - Tutte - Tutti + POLTIGLIA BORD DISPERS X15",,22/3/2020
POLYRAM DF,Metiram 70%,Peronospora,7916,Kg,,,22/3/2020
PREVIN TOP,Ametocradina  g 12 Metiram puro g 44,Peronospora,15591,Kg,,,22/3/2020
QUIVER TOP,"Rame solfato tribasico 14,84% (=190 g/L)",Peronospora,12079,l,,,22/3/2020
QUANTUM F,"Dimetomorf, puro g 11,3 Folpet  puro g 60",Peronospora,13298,Kg,,,22/3/2020
QUANTUM MZ,"Dimetomorf, puro g 9 Mancozeb, puro g 60",Peronospora,13785,Kg,,,22/3/2020
RIDOMIL GOLD MZ,"Metalaxil-M 3,90% + Mancozeb 64 %",Peronospora,12383,Kg,,,22/3/2020
RIDOMIL GOLD R,"Metalaxil-M 2% + Rame da ossicloruro 14,19 %",Peronospora,14642,Kg,,,22/3/2020
SOLOFOL,Folpet 80%,Peronospora,13585,Kg,,,22/3/2020
TRI-BASE,"Rame solfato tribasico 14,84 % (=190 g/L)",Peronospora,14178,l,,,22/3/2020
ZORVEC ZELAVIN BRIA 4HA,Zorvec Zelavin® (Oxathiapiprolin): 10% Flovine® (Folpet): 80%,Peronospora,16896 -17111,N.,,,22/3/2020
ZORVEC ZELAVIN VEL 1 HA ,Zorvec Zelavin® (Oxathiapiprolin): 10% Movida (Zoxamide ): 24%,Peronospora,16896 -17111,N.,,,22/3/2020
ZORVEC ZELAVIN VEL 4 HA ,Zorvec Zelavin® (Oxathiapiprolin): 10% Movida (Zoxamide ): 24%,Peronospora,16896 -17111,N.,,,22/3/2020
ZOXIUM 240 SC,"zoxamide 21,80% (= 240,00 g/L)",Peronospora,14062,l,,,22/3/2020
ASSET,Piretro naturale 4%,Scaphoideus titanus / cicaline,12100,l,,,22/3/2020
EPIK SL,"Acetamiprid puro  g. 4,67 (=50 g/l)",Scaphoideus titanus / cicaline,16325,l,"Mauro Sebaste - Astigiano - Tutti + EPIK SL,Mauro Sebaste - Albese - Tutti + EPIK SL,Mauro Sebaste - Astigiano - Tutti + EPIK SL,Mauro Sebaste - Roncaglie - Tutti + EPIK SL,Paolo Scavino di Enrico Scavino - Tutte - Tutti + EPIK SL,Prunotto / Alba - Tutte - Tutti + EPIK SL,Prunotto / Diano - Tutte - Tutti + EPIK SL,Prunotto / Asti - Tutte - Tutti + EPIK SL,Michele Chiarlo SRL - Tutte - Tutti + EPIK SL,Azienda Agricola Chiarlo S.S / Alba - Tutte - Tutti + EPIK SL,Azienda Agricola Chiarlo S.S / Asti - Tutte - Tutti + EPIK SL,Ca' Rome' - Tutte - Tutti + EPIK SL,Az. Agrivinicola Sylla Sebaste - Tutte - Tutti + EPIK SL,Antinori Soc. Agricola ARL - Tutte - Tutti + EPIK SL,Saracco Pierluigi di Lanata Francesca - Tutte - Tutti + EPIK SL,Soc. Coop. Pusabren - Tutte - Tutti + EPIK SL,Carlin De Paolo - Tutte - Tutti + EPIK SL,Carlin De Paolo - Tutte - Tutti + EPIK SL,Bussia Soprana di Casiraghi Silvano - Tutte - Tutti + EPIK SL,Rubbiolo Matteo - Tutte - Tutti + EPIK SL,Prunotto / Pian Romualdo - Tutte - Tutti + EPIK SL",,22/3/2020
METEOR,"Deltametrina 1,51% (=15,70 g/l)",Scaphoideus titanus / cicaline,10976,l,,,22/3/2020
SIVANTO PRIME 200 SL,"Flupyradifurone puro  17,1 g (200 g/l)",Scaphoideus titanus / cicaline,16273,l,,,22/3/2020
TREBON UP ,"Etofenprox puro  g. 30 (=287,5 g/l)",Scaphoideus titanus / cicaline,8735,N.,"Rubbiolo Matteo - Tutte - Tutti + TREBON UP ,Mauro Sebaste - Albese - Tutti + TREBON UP ,Mauro Sebaste - Roncaglie - Tutti + TREBON UP ,Mauro Sebaste - Astigiano - Tutti + TREBON UP ,Carlin De Paolo - Tutte - Tutti + TREBON UP ,Prunotto / Alba - Tutte - Tutti + TREBON UP ,Azienda Agricola Chiarlo S.S / Alba - Tutte - Tutti + TREBON UP ,Az. Agrivinicola Sylla Sebaste - Tutte - Tutti + TREBON UP ,Ca' Rome' - Tutte - Tutti + TREBON UP ,Bussia Soprana di Casiraghi Silvano - Tutte - Tutti + TREBON UP ,Soc. Coop. Pusabren - Tutte - Tutti + TREBON UP ,Prunotto / Asti - Tutte - Tutti + TREBON UP ,Michele Chiarlo SRL - Tutte - Tutti + TREBON UP ,Azienda Agricola Chiarlo S.S / Asti - Tutte - Tutti + TREBON UP ,Prunotto / Diano - Tutte - Tutti + TREBON UP ,Antinori Soc. Agricola ARL - Tutte - Tutti + TREBON UP ,Prunotto / Pian Romualdo - Tutte - Tutti + TREBON UP ,Paolo Scavino di Enrico Scavino - Tutte - Tutti + TREBON UP ,Saracco Pierluigi di Lanata Francesca - Tutte - Tutti + TREBON UP ",,22/3/2020
CORAGEN,Clorantraniliprole 18.4% (200.0 g/l),Tignole,13981,l,"Mauro Sebaste - Albese - Tutti + CORAGEN,Mauro Sebaste - Roncaglie - Tutti + CORAGEN,Mauro Sebaste - Astigiano - Tutti + CORAGEN,Soc. Coop. Pusabren - Tutte - Tutti + CORAGEN,Michele Chiarlo SRL - Tutte - Tutti + CORAGEN,Azienda Agricola Chiarlo S.S / Asti - Tutte - Tutti + CORAGEN,Saracco Pierluigi di Lanata Francesca - Tutte - Tutti + CORAGEN,Bussia Soprana di Casiraghi Silvano - Tutte - Tutti + CORAGEN",,22/3/2020
CHIKARA 25 WG,Flazasulfuron 25%,Infestanti,,kg,,,25/3/2020
Cell,Deltametrin 25%,Nottue,13796,l,,,26/3/2020
concime fogliare 20-20-20,,fisiopatie,,kg,,,2/4/2020
Bayteroid 25 Ec,"Beta-CIFLUTRIN puro 2,6 g (= 25 g/l)",Nottue,13820,l,,,2/4/2020
Lobetec,"(E,Z)-7,9-Dodecadienyl acetate",tignole,16735,n,,,2/4/2020
Wonderlawn Play,seme da inerbimento,,,Kg,,,14/4/2020
Mancozeb Plus 80,Mancozeb 80%,Peronospora,5381,Kg,,,22/4/2020
Bed,Solfato di Manganese,Fisiopatite,,l,,,25/4/2020
Zolfo sc,zolfo 80 gr/l,Oidio,15313,litri,,,4/5/2020
Boro green,,fisiopatie,,kg,,,5/5/2020
Ilsamin multi,,Fisiopatie,,l,,,5/5/2020
Kinglife fruit,"6-9,5-18 piu' Mg e Boro",Fisiopatie,,Kg,,,11/5/2020
Veliero 500 EC,spiroxamina  g/l,oidio,16460,l,,,11/5/2020
Fructol Bio,,fisiopatie,,l,Paolo Scavino di Enrico Scavino - Tutte - Tutti + Fructol Bio,,13/5/2020
Pergado Sc,Mandipropamide,Peronospora,13382,l,Broccardo SS - Tutte - Tutti + Pergado Sc,,14/5/2020
alghe + microelementi,,,,l,,,15/5/2020
Zorvec Zelavin,Oxathiapiprolin,peronospora,16896,l,,,17/5/2020
Flovine,Folpet,peronospora,16896,kg,,,17/5/2020
Topas 10 EC,Penconazolo  10.1,Oidio,6945,l,,,20/5/2020
Enovit metil,Tiofanato Metile 41.70%,Gleosporium,7611,l,,,25/5/2020
Signum,Boscalid 26.7 +Piraclostrobin 6.7 %,Necrosi Grigia,12869,kg,,,25/5/2020
Tiovit L,Zolfo 600 g/l,Oidio,17069,l,,,26/5/2020
BitterMag,solfato di magnesio,fisiopatie,,Kg,Paolo Scavino di Enrico Scavino - Tutte - Tutti + BitterMag,,26/5/2020
Zorvec Vinabel,Oxathiapiprolin 40 g/L +Zoxamide 300 g/L,Peronospora,17248,l,,,4/6/2020
Damark 125,Tetraconazolo 11.60,oidio,13065,l,,,9/6/2020
Domark 125,Tetraconazolo 125 g/L,Oidio,13065,l,"Mauro Sebaste - Albese - Tutti + Domark 125,Mauro Sebaste - Roncaglie - Tutti + Domark 125",,9/6/2020
Fogliacon 22,,fisiopatie,,l,,,9/6/2020
Movida,Zoxamide,Peronospora 240 g/l,17075,l,,,9/6/2020
CaMag Compo,Ca e Mg,fisiopatie,,l,,,10/6/2020
Sarumo,Tetraconazolo 40 g/l,oidio,16939,l,,,10/6/2020
Thiocur 20 EW,Miclobutanil ,oidio,9905,l,,,26/6/2020
Vini Fol,Folpet,Peronospora,17311,kg,,,29/6/2020
Isabion,,fisiopatie,,l,L'Alegra / Nocciole - Tutte - Tutti + Isabion,,30/6/2020
Flint, trifloxystrobin,black rot,11119,l,,,30/6/2020
Siapton,,Fisiopatie,,l,,,1/7/2020
Asset Five,Piretro Naturale,16776,,l,"Cascina Alberta - Tutte - Tutti + Asset Five,Tenute del Vino - La Vite d'Oro - Barolo - Tutti + Asset Five,Tenute del Vino - Vigneti 360 - Ponti - Tutti + Asset Five,Tenute del Vino - La Vite d'Oro - Barolo - Tutti + Asset Five,Tenute del Vino - La Vite d'Oro - Tirados - Tutti + Asset Five,Tenute del Vino - Vigneti 360 - Ponti - Tutti + Asset Five,Cascina Alberta - Tutte - Tutti + Asset Five,Tenute del Vino - Vigneti 360 - Ponti - Tutti + Asset Five,Tenute del Vino - La Vite d'Oro - Tirados - Tutti + Asset Five,Tenute del Vino - La Vite d'Oro - Barolo - Tutti + Asset Five,Tenute del Vino - La Vite d'Oro - Barolo - Tutti + Asset Five,Cascina Alberta - Tutte - Tutti + Asset Five,Tenute del Vino - La Vite d'Oro - Tirados - Tutti + Asset Five",,2/7/2020
Tiolene,zolfo ,Oidio,7764,Kg,"Prunotto / Asti - Agliano  - Tutti + Tiolene,Michele Chiarlo SRL - Tutte - Tutti + Tiolene,Prunotto / Alba - Tutte - Tutti + Tiolene,Azienda Agricola Chiarlo S.S / Alba - Tutte - Tutti + Tiolene,Ca' Rome' - Tutte - Tutti + Tiolene,Az. Agrivinicola Sylla Sebaste - Tutte - Tutti + Tiolene,Tenute del Vino - La Vite d'Oro - Barolo - Tutti + Tiolene,Tenute del Vino - La Vite d'Oro - Tirados - Tutti + Tiolene,Tenute del Vino - La Vite d'Oro - Tirados - Tutti + Tiolene,Prunotto / Diano - Tutte - Tutti + Tiolene,Antinori Soc. Agricola ARL - Tutte - Tutti + Tiolene,Cascina Alberta - Tutte - Tutti + Tiolene",,4/7/2020
Sivanto Prime,Flupyradifurone,Scaphoideus Titanus,16273,l,"Mauro Sebaste - Albese - Tutti + Sivanto Prime,Mauro Sebaste - Roncaglie - Tutti + Sivanto Prime",,4/7/2020
Electis R Flow,rame - solfato tribasico di rame + zoxamide,Peronospora,15419,l,,,4/7/2020
Ilsamin CaMg,Calcio e Magnesio,Fisiopatie,,l,,,4/7/2020
Cuprossil idro new 20 Wg,Idrossido di rame,Peronospora,9311,Kg,,,4/7/2020
Rapax AS,Bacillus Thuringensis,tignole,16295,l,,,6/7/2020
Foliacon 22,Calcio e Magnesio,Fisiopatie,,l,,,6/7/2020
Polvere di Roccia bio,Talco E55,Oidio-scottature solari,14807/96,kg,,,7/7/2020
Basic,Rame solfato tribasico  19 %,Peronospora,14018,l,"Bussia Soprana di Casiraghi Silvano - Tutte - Tutti + Basic,Bussia Soprana di Casiraghi Silvano - Tutte - Tutti + Basic,Bussia Soprana di Casiraghi Silvano - Tutte - Tutti + Basic,Bussia Soprana di Casiraghi Silvano - Tutte - Tutti + Basic,Bussia Soprana di Casiraghi Silvano - Tutte - Tutti + Basic,Bussia Soprana di Casiraghi Silvano - Tutte - Tutti + Basic,Bussia Soprana di Casiraghi Silvano - Tutte - Tutti + Basic,Bussia Soprana di Casiraghi Silvano - Tutte - Tutti + Basic",,8/7/2020
Actisel,"Magnesio,Manganese e Zinco",Fisiopatie,,Kg,,,8/7/2020
GRIFON PIU',idrossido di rame + ossicloruro di rame,Peronospora,12748,Kg,,,13/7/2020
Copperfiled 17 wg,Idrossido di rame,peronospora,16197,kg,,,16/7/2020
Invelop White Protect,Talco,Bruciature da sole,,kg,,,20/7/2020
Ferticus 40 M,,fidiopatie,,kg,Cascina Alberta - Tutte - Tutti + Ferticus 40 M,,30/7/2020
Cosavet DF Edge,zolfo ,oidio,15149,kg,,,4/8/2020
3LOGY,"Eugeniolo, Geraniolo,Timolo",Botrite,16480,l,,,5/8/2020
Hascon M10,,fisiopatie,,l,,,7/9/2020
Coprantol Trio,Rame solfato tribasico 142 g/l,Peronospora,,l,,,15/9/2020
Poltiglia 20 Wg,rame 20%,,16457,Kg,,,18/11/2020
Gallery,Isoxaben,Infestanti,8146,l,,,24/3/2021
Roundup power,Glifosate 360 g/l,infestanti,13098,l,"Prunotto / Alba - Tutte - Tutti + Roundup power,Mauro Sebaste - Albese - Tutti + Roundup power,Mauro Sebaste - Roncaglie - Tutti + Roundup power,Mauro Sebaste - Astigiano - Tutti + Roundup power",,24/3/2021
Abyss,Carbonio Organico + Mannitolo,Fisiopatie,,l,,,22/4/2021
Eranthis,Carbonio Organico,Fisiopatie,,l,"Prunotto / Asti - Calliano - Tutti + Eranthis,Prunotto / Asti - Tutte - Tutti + Eranthis",,22/4/2021
Alghe Maxibust,,fisiopatie,,litri,,,30/4/2021
Forum 50,Dimetomorf,Peronospora,,kg,,,13/5/2021
Quantum L,Dimetomorf,Peronospora,,l,,,13/5/2021
Mago,Sorbion mono oleato etossilato,Antideriva,17360,l,,,17/5/2021
KINGLIFE FRUIT,,Fisiopatie,,litri,,,24/5/2021
Stratos Ultra ,Cicloxidim,infestanti,10117,litri,"Prunotto / Asti - Calliano - Tutti + Stratos Ultra ,Prunotto / Alba - Tutte - Tutti + Stratos Ultra ",,26/5/2021
Gondor,Lecitina di soia,Bagnante,,l,,,26/5/2021
Concorde 40 EW,Tetraconazolo,Oidio,10381,l,,,26/5/2021
Trafos B-MN-Fe,concime ,fisiopatie,,l,,,3/6/2021
Genkotsu,Amisulbron,Pronospora,17211,l,,,3/6/2021
Final K,,Fisiopatie,,l,,,4/6/2021
Zorvec Vinabria,Folpet + OXathiapiprolin,Peronospora,16957,l,"Mauro Sebaste - Albese - Tutti + Zorvec Vinabria,Mauro Sebaste - Roncaglie - Tutti + Zorvec Vinabria,Mauro Sebaste - Astigiano - Tutti + Zorvec Vinabria,Paolo Scavino di Enrico Scavino - Tutte - Tutti + Zorvec Vinabria,La Cardinala - Merlot e Cabernet - Tutti + Zorvec Vinabria,La Cardinala - Chardonnay - Tutti + Zorvec Vinabria,La Cardinala - Syrah - Tutti + Zorvec Vinabria,Prunotto / Alba - Tutte - Tutti + Zorvec Vinabria,Prunotto / Diano - Tutte - Tutti + Zorvec Vinabria,Prunotto / Asti - Tutte - Tutti + Zorvec Vinabria,Michele Chiarlo SRL - Tutte - Tutti + Zorvec Vinabria,Azienda Agricola Chiarlo S.S / Alba - Tutte - Tutti + Zorvec Vinabria,Azienda Agricola Chiarlo S.S / Asti - Tutte - Tutti + Zorvec Vinabria,Az. Agrivinicola Sylla Sebaste - Tutte - Tutti + Zorvec Vinabria,Ca' Rome' - Tutte - Tutti + Zorvec Vinabria,Soc. Coop. Pusabren - Tutte - Tutti + Zorvec Vinabria,Antinori Soc. Agricola ARL - Tutte - Tutti + Zorvec Vinabria,Carlin De Paolo - Tutte - Tutti + Zorvec Vinabria,Bussia Soprana di Casiraghi Silvano - Tutte - Tutti + Zorvec Vinabria,Carlin De Paolo - Tutte - Tutti + Zorvec Vinabria,Saracco Pierluigi di Lanata Francesca - Tutte - Tutti + Zorvec Vinabria",,8/6/2021
Actisel ,"Magnesio , zolfo e manganese",fisiopatie,,kg,,,15/6/2021
Intrepid,Metossifenozide,Tignole,15130,l,,,22/6/2021
Lieto Sc,Zoxamide +Cimoxanil,Peronospora,16335,l,,,25/6/2021
Zorvec Vinabel,Zoxamide 300 g/L Oxathiapiprolin 40 g/L,Peronospora,17248,l,,,27/6/2021
Vesticor,"Chlorantraniliprole g 18,4",Tignole,16846,l,,,27/6/2021
Laser,"SPINOSAD puro g. 44,2 (480 g/l)",Tripidi,11693,litri,,,28/6/2021
Orondis,"10,1% 100 g/lOxathiapiprolin",Peronospora,17461,l,,,2/7/2021
Folpan 80 wg,Folpet ,Peronospora,8601,kg,"Az. Agrivinicola Sylla Sebaste - Tutte - Tutti + Folpan 80 wg,Saracco Pierluigi di Lanata Francesca - Tutte - Tutti + Folpan 80 wg,Rubbiolo Matteo - Tutte - Tutti + Folpan 80 wg,Paolo Scavino di Enrico Scavino - Tutte - Tutti + Folpan 80 wg,Mauro Sebaste - Astigiano - Tutti + Folpan 80 wg,La Cardinala - Tutte - Tutti + Folpan 80 wg,Broccardo SS - Tutte - Tutti + Folpan 80 wg,Saracco Pierluigi di Lanata Francesca - Tutte - Tutti + Folpan 80 wg,Broccardo SS - Tutte - Tutti + Folpan 80 wg,La Cardinala - Pinot nero - Tutti + Folpan 80 wg,La Cardinala - Pinot nero - Tutti + Folpan 80 wg,Prunotto / Alba - Tutte - Tutti + Folpan 80 wg,Prunotto / Diano - Tutte - Tutti + Folpan 80 wg",,2/7/2021
Airone più ,"rame - idrossido di rame 14,00% rame - ossicloruro di rame 14,00%",Peronospora,12737,kg,,,2/7/2021
Flipper,Sali potassici di acidi grassi,Cicalina,,l,,,4/7/2021
Cantus,Boscalid,Oidio - Botrite,12862,kg,,,5/7/2021
Ilsamin mmz,,fisiopatie,,l,,,14/7/2021
Coprantol trio (nocciolo),Rame 14.6,Cancro Batterico,,litri,,,27/11/2021
Revolution,pyraflufen-ethyl ,infestanti,16667,litri,"Prunotto / Asti - Agliano  - Tutti + Revolution,Prunotto / Diano - Tutte - Tutti + Revolution,Antinori Soc. Agricola ARL - Tutte - Tutti + Revolution,Az. Agrivinicola Sylla Sebaste - Tutte - Tutti + Revolution",,30/3/2022
Cleanclaster,Magnesio fosfonato,Coadiuvante per erbicidi,16208,litri,,,31/3/2022
Inex-A,,Bagnante,,litri,,,31/3/2022
Folpan 80,Folpet 80%,Peronospora,8601,kg,"La Cardinala - Tutte - Tutti + Folpan 80,La Cardinala - Pinot nero - Tutti + Folpan 80,Paolo Scavino di Enrico Scavino - Tutte - Tutti + Folpan 80,Prunotto / Asti - Tutte - Tutti + Folpan 80,Michele Chiarlo SRL - Tutte - Tutti + Folpan 80,Azienda Agricola Chiarlo S.S / Alba - Tutte - Tutti + Folpan 80,Azienda Agricola Chiarlo S.S / Asti - Tutte - Tutti + Folpan 80,Ca' Rome' - Tutte - Tutti + Folpan 80,Az. Agrivinicola Sylla Sebaste - Tutte - Tutti + Folpan 80,Soc. Coop. Pusabren - Tutte - Tutti + Folpan 80,Bussia Soprana di Casiraghi Silvano - Tutte - Tutti + Folpan 80,Rubbiolo Matteo - Tutte - Tutti + Folpan 80,Prunotto / Pian Romualdo - Tutte - Tutti + Folpan 80",,7/5/2022
Folder 80,Folpet ,Peronospora,16068,kg,"Mauro Sebaste - Albese - Tutti + Folder 80,Mauro Sebaste - Roncaglie - Tutti + Folder 80,Mauro Sebaste - Astigiano - Tutti + Folder 80,Prunotto / Alba - Tutte - Tutti + Folder 80,Prunotto / Diano - Tutte - Tutti + Folder 80,Prunotto / Asti - Tutte - Tutti + Folder 80,Prunotto / Pian Romualdo - Tutte - Tutti + Folder 80,Michele Chiarlo SRL - Tutte - Tutti + Folder 80,Azienda Agricola Chiarlo S.S / Alba - Tutte - Tutti + Folder 80,Azienda Agricola Chiarlo S.S / Asti - Tutte - Tutti + Folder 80,Bussia Soprana di Casiraghi Silvano - Tutte - Tutti + Folder 80,Ca' Rome' - Tutte - Tutti + Folder 80,Soc. Coop. Pusabren - Tutte - Tutti + Folder 80,Soc. Coop. Pusabren - Tutte - Tutti + Folder 80,Antinori Soc. Agricola ARL - Tutte - Tutti + Folder 80,La Cardinala - Tutte - Tutti + Folder 80,Corino - Tutte - Tutti + Folder 80,Bello Mario / Vite - Tutte - Tutti + Folder 80,Bruno Gianluca - Tutte - Tutti + Folder 80,Carlin De Paolo - Tutte - Tutti + Folder 80,Prunotto / Pian Romualdo - Tutte - Tutti + Folder 80,Saracco Pierluigi di Lanata Francesca - Tutte - Tutti + Folder 80,Azienda Agricola Chiarlo S.S / Alba - Tutte - Tutti + Folder 80,Prunotto / Alba - Tutte - Tutti + Folder 80,Soc. Coop. Pusabren - Tutte - Tutti + Folder 80,Michele Chiarlo SRL - Tutte - Tutti + Folder 80,Azienda Agricola Chiarlo S.S / Asti - Tutte - Tutti + Folder 80,Prunotto / Asti - Tutte - Tutti + Folder 80,Prunotto / Diano - Tutte - Tutti + Folder 80,Prunotto / Pian Romualdo - Tutte - Tutti + Folder 80,Az. Agrivinicola Sylla Sebaste - Tutte - Tutti + Folder 80,Ca' Rome' - Tutte - Tutti + Folder 80,Antinori Soc. Agricola ARL - Tutte - Tutti + Folder 80,Carlin De Paolo - Tutte - Tutti + Folder 80,Bussia Soprana di Casiraghi Silvano - Tutte - Tutti + Folder 80,Bussia Soprana di Casiraghi Silvano - Tutte - Tutti + Folder 80,Guido Berta - Tutte - Tutti + Folder 80,Guido Berta - Tutte - Tutti + Folder 80,Rubbiolo Matteo - Tutte - Tutti + Folder 80,Azienda Agricola Chiarlo S.S / Asti - Tutte - Tutti + Folder 80,Paolo Scavino di Enrico Scavino - Tutte - Tutti + Folder 80,La Cardinala - Pinot nero - Tutti + Folder 80,Mauro Sebaste - Albese - Tutti + Folder 80,Mauro Sebaste - Astigiano - Tutti + Folder 80,Mauro Sebaste - Roncaglie - Tutti + Folder 80,Antinori Soc. Agricola ARL - Tutte - Tutti + Folder 80,Saracco Pierluigi di Lanata Francesca - Tutte - Tutti + Folder 80,Carlin De Paolo - Tutte - Tutti + Folder 80",,9/5/2022
Lion 5 EC,Quizalofop-p-etil,infestanti,14375,litrio,,,18/5/2022
Missito,Acido pelargonico,infestanti,16767,l,,,18/5/2022
Solobor,Boro,,,kg,,,20/5/2022
Phylgreen,Alghe,fisiopatie,,l,,,28/5/2022
Tomiris 125,"tetraconazolo 11,60% (= 125,00 g/L)",Oidio,15930,l,,,30/5/2022
Enervin Sc,Ametocradina,Peronospora,15264,l,"Mauro Sebaste - Albese - Tutti + Enervin Sc,Mauro Sebaste - Astigiano - Tutti + Enervin Sc,Mauro Sebaste - Roncaglie - Tutti + Enervin Sc,Paolo Scavino di Enrico Scavino - Tutte - Tutti + Enervin Sc,Prunotto / Alba - Tutte - Tutti + Enervin Sc,Prunotto / Diano - Tutte - Tutti + Enervin Sc,Prunotto / Asti - Tutte - Tutti + Enervin Sc,Michele Chiarlo SRL - Tutte - Tutti + Enervin Sc,Azienda Agricola Chiarlo S.S / Alba - Tutte - Tutti + Enervin Sc,Ca' Rome' - Tutte - Tutti + Enervin Sc,Az. Agrivinicola Sylla Sebaste - Tutte - Tutti + Enervin Sc,Antinori Soc. Agricola ARL - Tutte - Tutti + Enervin Sc,Saracco Pierluigi di Lanata Francesca - Tutte - Tutti + Enervin Sc,Soc. Coop. Pusabren - Tutte - Tutti + Enervin Sc,Carlin De Paolo - Tutte - Tutti + Enervin Sc,Bussia Soprana di Casiraghi Silvano - Tutte - Tutti + Enervin Sc,Rubbiolo Matteo - Tutte - Tutti + Enervin Sc,Prunotto / Pian Romualdo - Tutte - Tutti + Enervin Sc",,31/5/2022
Potassium 33,,Fisiopatie,,l,,,31/5/2022
Zolfo Scorrevole miniera,zolfo,oidio,,kg,Prunotto / Alba - Tutte - Tutti + Zolfo Scorrevole miniera,,4/6/2022
Armicarb,Bicarbonato di potassio,oidio,,kg,,,7/7/2022
Grifon Più,Idrossido di Rame 14% + Ossicloruro di Rame 14%,Peronospora,12748,kg,,,8/7/2022
Manamid 100 sc,Cyazofamid,Peronospora,16950,l,,,11/7/2022
Thiamon 80,zolfo,oidio,13719,kg,,,12/7/2022
Tricup Flow,Rame tribasico,peronospora,16170,l,,,21/7/2022
Kumulus tecno,zolfo puro 80 %,oidio,,kg,,,22/7/2022
Sonata,Bacillus Pumillus,Oidio,17350,l,,,24/7/2022
Seaweed Eklonia,Alghe Brune,Fisiopatie,,l,,,2/5/2023
Acadian MPE,Alghe Brune,Fisipatie,,kg,,,2/5/2023
Zorvec Vinabria,Oxathiapiprolin 10 g/L +Folpet 500 g/L,Peronospora,16957,l,,,19/5/2023
Revysion ,"Mefentrifluconazolo g 7,12 (75 g/l)",Oidio,18137,l,"Mauro Sebaste - Albese - Tutti + Revysion ,Mauro Sebaste - Roncaglie - Tutti + Revysion ,Mauro Sebaste - Astigiano - Tutti + Revysion ,Paolo Scavino di Enrico Scavino - Tutte - Tutti + Revysion ,La Cardinala - Merlot e Cabernet - Tutti + Revysion ,La Cardinala - Chardonnay - Tutti + Revysion ,La Cardinala - Syrah - Tutti + Revysion ,Prunotto / Alba - Tutte - Tutti + Revysion ,Prunotto / Diano - Tutte - Tutti + Revysion ,Prunotto / Asti - Tutte - Tutti + Revysion ,Michele Chiarlo SRL - Tutte - Tutti + Revysion ,Azienda Agricola Chiarlo S.S / Alba - Tutte - Tutti + Revysion ,Azienda Agricola Chiarlo S.S / Asti - Tutte - Tutti + Revysion ,Az. Agrivinicola Sylla Sebaste - Tutte - Tutti + Revysion ,Ca' Rome' - Tutte - Tutti + Revysion ,Soc. Coop. Pusabren - Tutte - Tutti + Revysion ,Antinori Soc. Agricola ARL - Tutte - Tutti + Revysion ,Carlin De Paolo - Tutte - Tutti + Revysion ,Prunotto / Pian Romualdo - Tutte - Tutti + Revysion ,Rubbiolo Matteo - Tutte - Tutti + Revysion ,Bussia Soprana di Casiraghi Silvano - Tutte - Tutti + Revysion ,Carlin De Paolo - Tutte - Tutti + Revysion ,Saracco Pierluigi di Lanata Francesca - Tutte - Tutti + Revysion ,Mauro Sebaste - Albese - Tutti + Revysion ,Mauro Sebaste - Roncaglie - Tutti + Revysion ,Mauro Sebaste - Astigiano - Tutti + Revysion ,Prunotto / Diano - Tutte - Tutti + Revysion ,Antinori Soc. Agricola ARL - Tutte - Tutti + Revysion ,Prunotto / Pian Romualdo - Tutte - Tutti + Revysion ,Carlin De Paolo - Tutte - Tutti + Revysion ,Soc. Coop. Pusabren - Tutte - Tutti + Revysion ,Michele Chiarlo SRL - Tutte - Tutti + Revysion ,Azienda Agricola Chiarlo S.S / Asti - Tutte - Tutti + Revysion ,Prunotto / Asti - Tutte - Tutti + Revysion ,Prunotto / Alba - Tutte - Tutti + Revysion ,Azienda Agricola Chiarlo S.S / Alba - Tutte - Tutti + Revysion ,Az. Agrivinicola Sylla Sebaste - Tutte - Tutti + Revysion ,Ca' Rome' - Tutte - Tutti + Revysion ,Saracco Pierluigi di Lanata Francesca - Tutte - Tutti + Revysion ,Bussia Soprana di Casiraghi Silvano - Tutte - Tutti + Revysion ,Rubbiolo Matteo - Tutte - Tutti + Revysion ",,19/5/2023
Ibisco,"chito-oligosaccaridi oligo-galaturonidi 12,5 g/L",oidio,16509,l,,,20/5/2023
Basfoliar Fruit Sp,,Fisiopatie,,kg,,,29/5/2023
Agroleaf Power 15/10/31,,Fisiopatie,,kg,,,29/5/2023
Biopiren Plus,"Piretrine pure...2,00 g/100",Scaphoideus titanus,,l,"L'Alegra / Vite - Tutte - Tutti + Biopiren Plus,L'Alegra / Vite - Tutte - Tutti + Biopiren Plus",,6/6/2023
Blackjack Bio,,fisiopatie,,l,,,17/6/2023
Sinala,Olio essenziale di arancio dolce,Scaphoideus,,litri,,,21/6/2023
Leimay,Amisulbron 200 gr/l,Peronospora,,l,,,24/6/2023
Magnesio green,Magnesio,Fisiopatie,,kg,,,2/7/2023
Prev- Am plus,estratto di olio di arancio,Flavescenza dorata,,litri,,,2/7/2023
Microsap Algeskha Mg,Magnesio,Fisiopatie,,kg,,,3/7/2023
Tribasic flow new,Solfato tribasico 190 g/L,Peronospora,17479,l,,,6/7/2023
Zolfo flow,Zolfo 600 g/L,oidio,15358,l,,,19/7/2023
Tiovit jet,zolfo 80,Oidio,2923,Kg,,,25/7/2023
Vitikappa,Bicarbonato di potassio,Oidio,16976,kg,,,25/7/2023
Pyganic ,Piretro ,Scaphoideus,,l,,,7/6/2024
Enervin Sc,Ametocradina,Peronospora ,15264,l,Azienda Agricola Chiarlo S.S / Asti - Tutte - Tutti + Enervin Sc,,9/6/2024
Arnos,Ametocradina,Peronospora,17923,litri,,,10/6/2024
Lidal,Tetraconazolo 40 g/L,Oidio,14020,litri,,,13/6/2024
Coprantol 30 WG,Ossicloruro di rame ,Peronospora,17372,kg,,,13/6/2024
Vitene Ultra SC,Cimoxanil 225 g/L,Peronospora,,l,,,18/6/2024
Zongruum,Amisulbron,Peronospora,18206,litri,,,20/6/2024
Foltan 50 SC,folpan 500 g/L,Peronospora,,litri,,,26/6/2024
Ossiclor 35,Rame 35 %,Peronospora,,Kg,"L'Alegra / Vite - Tutte - Tutti + Ossiclor 35,L'Alegra / Vite - Tutte - Tutti + Ossiclor 35,L'Alegra / Vite - Tutte - Tutti + Ossiclor 35,L'Alegra / Vite - Tutte - Tutti + Ossiclor 35,L'Alegra / Vite - Tutte - Tutti + Ossiclor 35,L'Alegra / Vite - Tutte - Tutti + Ossiclor 35,L'Alegra / Vite - Tutte - Tutti + Ossiclor 35",,27/6/2024
Calcio Green Forty,Ossido di calcio,Fisiopatie,,Kg,,,5/7/2024
Vintage C dispers,Benthiavalicarb + Rame,Peronospora,,KG,,,6/7/2024
Spirit 50,Dimetomorf,Peronospora,,l,,,6/7/2024
Liquizol M,Zolfo 675 g/L,Oidio,,litri,,,16/7/2024
Vitisan ,Cimoxanil 45%,Peronospora,,kg,,,16/7/2024
Zolvis 80,zolfo 80 %,oidio,,kg,,,20/8/2024
Coprantol trio (Nocciolo),Rame solfato tribasico 142 g/l,Cytospora Corylicola,13856,l,,,11/11/2024
Spirostar,Spiroxamina,Oidio,,litri,Rubbiolo Matteo - Tutte - Tutti + Spirostar,,7/5/2025
KAIZ' N,Azoto totale,fisiopatie,,kg,Bussia Soprana di Casiraghi Silvano - Tutte - Tutti + KAIZ' N,,15/5/2025
FRONTIERE,Alghe brune,Peronospora,,litri,Tenute del Vino - La Vite d'Oro - Tirados - Tutti + FRONTIERE,,15/5/2025
Taifun MK cl,Glifosate 360 g/L,Infestanti,,litro,"Prunotto / Asti - Calliano - Tutti + Taifun MK cl,Prunotto / Asti - Agliano  - Tutti + Taifun MK cl,Prunotto / Diano - Tutte - Tutti + Taifun MK cl,Antinori Soc. Agricola ARL - Tutte - Tutti + Taifun MK cl,Prunotto / Alba - Tutte - Tutti + Taifun MK cl,Azienda Agricola Chiarlo S.S / Alba - Tutte - Tutti + Taifun MK cl,Ca' Rome' - Tutte - Tutti + Taifun MK cl,Az. Agrivinicola Sylla Sebaste - Tutte - Tutti + Taifun MK cl",,17/5/2025
lecitina,,,,litri,"Prunotto / Asti - Agliano  - Tutti + lecitina,Prunotto / Diano - Tutte - Tutti + lecitina,Antinori Soc. Agricola ARL - Tutte - Tutti + lecitina,Az. Agrivinicola Sylla Sebaste - Tutte - Tutti + lecitina",,17/5/2025
Rame,rame,,,kg,"Tenute del Vino - La Vite d'Oro - Barolo - Tutti + Rame,Tenute del Vino - La Vite d'Oro - Tirados - Tutti + Rame,Tenute del Vino - La Vite d'Oro - Barolo - Tutti + Rame,Tenute del Vino - La Vite d'Oro - Tirados - Tutti + Rame,Tenute del Vino - La Vite d'Oro - Tirados - Tutti + Rame,Tenute del Vino - La Vite d'Oro - Barolo - Tutti + Rame",,5/6/2025
Biopiren plus,Piretro,Cicaline,,litri,L'Alegra / Vite - Tutte - Tutti + Biopiren plus,,5/6/2025
Voliam,"Chlorantraniliprole g 18,4",Tignole,17888,l,"Paolo Scavino di Enrico Scavino - Tutte - Tutti + Voliam,Prunotto / Diano - Tutte - Tutti + Voliam,Antinori Soc. Agricola ARL - Tutte - Tutti + Voliam,Prunotto / Pian Romualdo - Tutte - Tutti + Voliam,Carlin De Paolo - Tutte - Tutti + Voliam,Prunotto / Asti - Tutte - Tutti + Voliam,Prunotto / Alba - Tutte - Tutti + Voliam,Azienda Agricola Chiarlo S.S / Alba - Tutte - Tutti + Voliam,Az. Agrivinicola Sylla Sebaste - Tutte - Tutti + Voliam,Ca' Rome' - Tutte - Tutti + Voliam",,17/6/2025
BioBIt,Bacillus thuringiensis subsp. kurstaki,Tignole,13061,kg,"Tenute del Vino - Vigneti 360 - Ponti - Tutti + BioBIt,Tenute del Vino - La Vite d'Oro - Tirados - Tutti + BioBIt,Tenute del Vino - La Vite d'Oro - Barolo - Tutti + BioBIt,Tenute del Vino - La Vite d'Oro - Barolo - Tutti + BioBIt,Tenute del Vino - La Vite d'Oro - Tirados - Tutti + BioBIt,Cascina Alberta - Tutte - Tutti + BioBIt,Tenute del Vino - Vigneti 360 - Ponti - Tutti + BioBIt,Tenute del Vino - La Vite d'Oro - Barolo - Tutti + BioBIt,Tenute del Vino - La Vite d'Oro - Tirados - Tutti + BioBIt,Michele Chiarlo SRL - Tutte - Tutti + BioBIt,Prunotto / Pian Romualdo - Tutte - Tutti + BioBIt,Prunotto / Alba - Tutte - Tutti + BioBIt,Azienda Agricola Chiarlo S.S / Alba - Tutte - Tutti + BioBIt,Ca' Rome' - Tutte - Tutti + BioBIt,Az. Agrivinicola Sylla Sebaste - Tutte - Tutti + BioBIt,Tenute del Vino - La Vite d'Oro - Tirados - Tutti + BioBIt,Tenute del Vino - La Vite d'Oro - Barolo - Tutti + BioBIt,Carlin De Paolo - Tutte - Tutti + BioBIt,Carlin De Paolo - Tutte - Tutti + BioBIt,Prunotto / Asti - Agliano  - Tutti + BioBIt,Michele Chiarlo SRL - Tutte - Tutti + BioBIt,Prunotto / Diano - Tutte - Tutti + BioBIt,Antinori Soc. Agricola ARL - Tutte - Tutti + BioBIt,Cascina Alberta - Tutte - Tutti + BioBIt",,22/6/2025
Score 25 sc,Difeconazolo 250 g/L,Oidio,,litri,"Prunotto / Alba - Tutte - Tutti + Score 25 sc,Azienda Agricola Chiarlo S.S / Alba - Tutte - Tutti + Score 25 sc,Az. Agrivinicola Sylla Sebaste - Tutte - Tutti + Score 25 sc,Ca' Rome' - Tutte - Tutti + Score 25 sc,Prunotto / Asti - Tutte - Tutti + Score 25 sc,Michele Chiarlo SRL - Tutte - Tutti + Score 25 sc,Azienda Agricola Chiarlo S.S / Asti - Tutte - Tutti + Score 25 sc,Prunotto / Asti - Tutte - Tutti + Score 25 sc,Michele Chiarlo SRL - Tutte - Tutti + Score 25 sc,Prunotto / Diano - Tutte - Tutti + Score 25 sc,Antinori Soc. Agricola ARL - Tutte - Tutti + Score 25 sc",,2/7/2025
Brek,Tetraconazolo,Oidio,12439,l,"Soc. Coop. Pusabren - Tutte - Tutti + Brek,Saracco Pierluigi di Lanata Francesca - Tutte - Tutti + Brek",,2/7/2025
Decis Evo,Deltametrina,Tignola - Scaphoideus ,,1234,"Michele Chiarlo SRL - Tutte - Tutti + Decis Evo,Azienda Agricola Chiarlo S.S / Asti - Tutte - Tutti + Decis Evo,Soc. Coop. Pusabren - Tutte - Tutti + Decis Evo,Prunotto / Asti - Tutte - Tutti + Decis Evo,Carlin De Paolo - Tutte - Tutti + Decis Evo,Saracco Pierluigi di Lanata Francesca - Tutte - Tutti + Decis Evo,Prunotto / Pian Romualdo - Tutte - Tutti + Decis Evo,Mauro Sebaste - Astigiano - Tutti + Decis Evo",,17/7/2025
Affirm,,Tignole,,kg,"Soc. Coop. Pusabren - Tutte - Tutti + Affirm,Prunotto / Asti - Agliano  - Tutti + Affirm,Michele Chiarlo SRL - Tutte - Tutti + Affirm,Azienda Agricola Chiarlo S.S / Asti - Tutte - Tutti + Affirm,Prunotto / Diano - Tutte - Tutti + Affirm,Antinori Soc. Agricola ARL - Tutte - Tutti + Affirm",,30/7/2025
Primal ,Bacillus Thuringensis,Tignole,,Kg,"Prunotto / Asti - Agliano  - Tutti + Primal ,Azienda Agricola Chiarlo S.S / Asti - Tutte - Tutti + Primal ,Michele Chiarlo SRL - Tutte - Tutti + Primal ",,10/8/2025
Lepinox,Bacillus Thuringensis,1,,kg,"Bussia Soprana di Casiraghi Silvano - Tutte - Tutti + Lepinox,Bussia Soprana di Casiraghi Silvano - Tutte - Tutti + Lepinox",,12/8/2025
Lepinox,Bacillus Thuringensis,Tignole,,Kg,Bussia Soprana di Casiraghi Silvano - Tutte - Tutti + Lepinox,,12/8/2025
Kuprik flow,solfato di rame,peronospora,,litri,"Tenute del Vino - La Vite d'Oro - Barolo - Tutti + Kuprik flow,Tenute del Vino - La Vite d'Oro - Tirados - Tutti + Kuprik flow,Tenute del Vino - La Vite d'Oro - Tirados - Tutti + Kuprik flow",,20/8/2025